,Name,Molecular Weight,XLogP3,Hydrogen Bond Donor Count,Hydrogen Bond Acceptor Count,Rotatable Bond Count,Exact Mass,Monoisotopic Mass,Topological Polar Surface Area,Heavy Atom Count,Formal Charge,Complexity,Isotope Atom Count,Defined Atom Stereocenter Count,Undefined Atom Stereocenter Count,Defined Bond Stereocenter Count,Undefined Bond Stereocenter Count,Covalently-Bonded Unit Count,BA
0,Abacavir,286.33,0.9,3,6,4,286.15420923,286.15420923,102,21,0,414,0,0,2,0,0,1,83.0
1,Abecarnil,404.5,4.4,1,5,8,404.17360726,404.17360726,73.4,30,0,565,0,0,0,0,0,1,92.0
2,Acadesine,258.23,-2.2,5,7,3,258.09641957,258.09641957,157,18,0,330,0,0,4,0,0,1,10.0
3,Acamprosate,181.21,-1.2,2,4,4,181.04087901,181.04087901,91.8,11,0,215,0,0,0,0,0,1,11.0
4,Acarbose,645.6,-8.5,14,19,9,645.24801354,645.24801354,321,44,0,962,0,0,19,0,0,1,2.0
5,Acebutolol,336.4,1.7,3,5,10,336.20490739,336.20490739,87.7,24,0,401,0,0,1,0,0,1,38.5
6,Acenocoumarol,353.3,2.5,1,6,4,353.08993721,353.08993721,109,26,0,614,0,0,1,0,0,1,60.0
7,Acepromazine,326.5,4.2,0,4,5,326.14528451,326.14528451,48.8,23,0,414,0,0,0,0,0,1,55.0
8,Acetaminophen,151.16,0.5,2,2,1,151.063328534,151.063328534,49.3,11,0,139,0,0,0,0,0,1,80.5
9,Acetazolamide,222.3,-0.3,2,7,2,221.98813242,221.98813242,152,13,0,297,0,0,0,0,0,1,99.0
10,Acetohydroxamic Acid,75.07,-1.6,2,2,0,75.032028405,75.032028405,49.3,5,0,42.9,0,0,0,0,0,1,55.0
11,Acetylcarnitine,203.24,0.4,0,4,5,203.11575803,203.11575803,66.4,14,0,214,0,0,1,0,0,1,10.0
12,Acetylcysteine,163.2,0.4,3,4,3,163.03031433,163.03031433,67.4,10,0,148,0,0,1,0,0,1,7.5
13,Acetyldigitoxin,807.0,2.8,4,14,9,806.4452568,806.4452568,189,57,0,1520,0,0,20,0,0,1,70.0
14,Aciclovir,225.2,-1.9,3,5,4,225.08618924,225.08618924,115,16,0,308,0,0,0,0,0,1,20.0
15,Acipimox,154.12,-1.0,1,4,1,154.037842061,154.037842061,75.6,11,0,162,0,0,0,0,0,1,95.0
16,Acitretin,326.4,6.1,1,3,6,326.1881947,326.1881947,46.5,24,0,539,0,0,0,0,4,1,59.5
17,Acrivastine,348.4,1.6,1,4,6,348.18377802,348.18377802,53.4,26,0,514,0,0,0,0,2,1,18.0
18,Adefovir,273.19,-2.0,3,8,5,273.06269089,273.06269089,136,18,0,327,0,0,0,0,0,1,12.0
19,Adefovir Dipivoxil,501.5,1.8,1,12,15,501.19885001,501.19885001,167,34,0,706,0,0,0,0,0,1,12.0
20,Adinazolam,351.8,1.6,0,4,3,351.1250733,351.1250733,46.3,25,0,490,0,0,0,0,0,1,39.0
21,Albendazole,265.33,2.9,2,4,5,265.08849791,265.08849791,92.3,18,0,291,0,0,0,0,0,1,5.0
22,Alcuronium,666.9,3.1,2,4,6,666.39337687,666.39337687,46.9,50,2,1510,0,0,10,0,4,1,0.0
23,Alendronate,249.1,-6.5,6,8,5,249.01672576,249.01672576,161,14,0,257,0,0,0,0,0,1,0.8
24,Alfacalcidol,400.6,6.8,2,2,6,400.33413066,400.33413066,40.5,29,0,643,0,0,6,0,2,1,71.0
25,Alfentanil,416.5,2.2,0,6,9,416.25358892,416.25358892,81,30,0,614,0,0,0,0,0,1,1.0
26,Alfuzosin,389.4,1.7,2,8,8,389.20630437,389.20630437,112,28,0,511,0,0,1,0,0,1,52.0
27,Aliskiren,551.8,3.5,4,7,19,551.39343644,551.39343644,146,39,0,717,0,0,4,0,0,1,2.5
28,Alizapride,315.37,1.5,2,5,6,315.16952494,315.16952494,83.1,23,0,433,0,0,1,0,0,1,84.0
29,Allopurinol,136.11,-0.7,2,3,0,136.038510766,136.038510766,70.1,10,0,190,0,0,0,0,0,1,65.5
30,Almitrine,477.6,5.6,2,9,10,477.24525029,477.24525029,69.2,35,0,602,0,0,0,0,0,1,63.0
31,Almotriptan,335.5,1.6,1,4,6,335.16674823,335.16674823,64.8,23,0,483,0,0,0,0,0,1,70.0
32,Alosetron,294.35,1.6,1,2,2,294.14806122,294.14806122,53.9,22,0,442,0,0,0,0,0,1,55.0
33,Alprazolam,308.8,2.1,0,3,1,308.0828741,308.0828741,43.1,22,0,434,0,0,0,0,0,1,86.5
34,Alprenolol,249.35,3.1,2,3,8,249.17287899,249.17287899,41.5,18,0,231,0,0,1,0,0,1,8.0
35,Alprostadil,354.5,3.2,3,5,13,354.24062419,354.24062419,94.8,25,0,432,0,0,4,0,1,1,15.0
36,Alvimopan,424.5,1.7,3,5,8,424.23620752,424.23620752,89.9,31,0,606,0,0,3,0,0,1,6.0
37,Amantadine,151.25,2.4,1,1,0,151.13609955,151.13609955,26,11,0,144,0,0,0,0,0,1,88.0
38,Ambroxol,378.1,2.6,3,3,3,377.97654,375.97859,58.3,18,0,259,0,0,0,0,0,1,77.0
39,Amdinocillin_pivoxil,439.6,3.1,0,7,8,439.21409235,439.21409235,114,30,0,710,0,0,3,0,0,1,0.0
40,Amezinium,202.23,1.8,1,3,2,202.09803702,202.09803702,52,15,1,194,0,0,0,0,0,1,58.0
41,Amifostine,214.23,-4.5,4,6,7,214.05410052,214.05410052,121,12,0,152,0,0,0,0,0,1,99.5
42,Amikacin,585.6,-7.9,13,17,10,585.28573646,585.28573646,332,40,0,819,0,0,16,0,0,1,0.0
43,Aminoglutethimide,232.28,1.2,2,3,2,232.12117776,232.12117776,72.2,17,0,321,0,0,1,0,0,1,97.5
44,Aminolevulinic_acid,131.13,-3.8,2,4,4,131.058243153,131.058243153,80.4,9,0,121,0,0,0,0,0,1,60.0
45,Amisulpride,369.5,1.5,2,6,7,369.17222754,369.17222754,110,25,0,549,0,0,1,0,0,1,48.0
46,Amitriptyline,277.4,5.0,0,1,3,277.18304975,277.18304975,3.2,21,0,331,0,0,0,0,0,1,46.5
47,Amlodipine,408.9,3.0,2,7,10,408.1451996,408.1451996,99.9,28,0,647,0,0,1,0,0,1,71.0
48,Amobarbital,226.27,2.1,2,3,4,226.13174245,226.13174245,75.3,16,0,303,0,0,0,0,0,1,95.0
49,Amodiaquine,355.9,2.6,2,4,6,355.14514,355.14514,48.4,25,0,406,0,0,0,0,0,1,75.0
50,Amoxapine,313.8,2.6,1,3,1,313.0981898,313.0981898,36.9,22,0,424,0,0,0,0,0,1,36.0
51,Amoxicillin,365.4,-2.0,4,7,4,365.1045419,365.1045419,158,25,0,590,0,0,4,0,0,1,88.33333333333333
52,Amphotericin_B,924.1,0.0,12,18,3,923.48784989,923.48784989,320,65,0,1670,0,0,19,0,7,1,3.0
53,Ampicillin,349.4,-1.1,3,6,4,349.10962728,349.10962728,138,24,0,562,0,0,4,0,0,1,53.5
54,Ampiroxicam,447.5,4.0,1,9,8,447.1100212,447.1100212,133,31,0,808,0,0,1,0,0,1,0.0
55,Amrinone,187.2,-0.2,2,3,1,187.07456192,187.07456192,68,14,0,301,0,0,0,0,0,1,93.0
56,Amsalog,464.5,3.6,3,7,6,464.15182644,464.15182644,118,33,0,788,0,0,0,0,0,1,34.0
57,Anagrelide,256.08,1.6,1,2,0,254.9966172,254.9966172,44.7,16,0,360,0,0,0,0,0,1,75.0
58,Anisotropine Methylbromide,282.4,4.2,0,2,7,282.24330428,282.24330428,26.3,20,1,318,0,0,2,0,0,1,17.5
59,Antipyrine,188.23,0.4,0,2,1,188.09496302,188.09496302,23.6,14,0,267,0,0,0,0,0,1,99.0
60,Antrafenine,588.5,7.5,1,12,8,588.19599507,588.19599507,57.7,42,0,881,0,0,0,0,0,1,99.0
61,Apomorphine,267.32,2.3,2,3,0,267.12592879,267.12592879,43.7,20,0,374,0,0,1,0,0,1,10.0
62,Aprepitant,534.4,4.2,2,12,6,534.15018769,534.15018769,75.2,37,0,810,0,0,3,0,0,1,62.5
63,Aprindine,322.5,5.2,0,2,8,322.24089898,322.24089898,6.5,24,0,332,0,0,0,0,0,1,85.0
64,Arbekacin,552.6,-6.8,11,15,10,552.31189164,552.31189164,297,38,0,757,0,0,14,0,0,1,0.0
65,Aripiprazole,448.4,4.6,1,4,7,447.1480325,447.1480325,44.8,30,0,559,0,0,0,0,0,1,87.0
66,Artemether,298.37,3.1,0,5,1,298.17802394,298.17802394,46.2,21,0,429,0,0,8,0,0,1,58.0
67,Astemizole,458.6,6.0,1,5,8,458.2481898,458.2481898,42.3,34,0,599,0,0,0,0,0,1,2.0
68,Atazanavir,704.9,5.6,5,9,18,704.38974804,704.38974804,171,51,0,1110,0,0,4,0,0,1,64.0
69,Atenolol,266.34,0.2,3,4,8,266.16304258,266.16304258,84.6,19,0,263,0,0,1,0,0,1,50.5
70,Atomoxetine,255.35,3.7,1,2,6,255.1623143,255.1623143,21.3,19,0,237,0,0,1,0,0,1,84.5
71,Atovaquone,366.8,5.2,1,3,2,366.1022722,366.1022722,54.4,26,0,595,0,0,0,0,0,1,23.0
72,Atropine (DL),289.4,1.8,1,4,5,289.1677936,289.1677936,49.8,21,0,353,0,0,3,0,0,1,50.0
73,Avitriptan,458.6,1.8,2,8,9,458.21001003,458.21001003,112,32,0,682,0,0,0,0,0,1,17.2
74,Azathioprine,277.27,0.1,1,7,2,277.03819367,277.03819367,143,19,0,354,0,0,0,0,0,1,60.0
75,Azelastine,381.9,4.4,0,3,3,381.1607901,381.1607901,35.9,27,0,558,0,0,1,0,0,1,99.0
76,azidocillin,375.4,2.8,2,7,5,375.10012522,375.10012522,126,26,0,672,0,0,4,0,0,1,60.0
77,Azithromycin,749.0,4.0,5,14,7,748.50852577,748.50852577,180,52,0,1150,0,0,18,0,0,1,36.333333333333336
78,Azlocillin,461.5,0.1,4,7,5,461.13690466,461.13690466,173,32,0,844,0,0,4,0,0,1,0.0
79,Azosemide,370.8,1.5,3,8,5,370.0073437,370.0073437,163,23,0,504,0,0,0,0,0,1,10.0
80,Aztreonam,435.4,0.3,4,12,7,435.05185488,435.05185488,238,28,0,808,0,0,2,0,1,1,1.0
81,Baclofen,213.66,-1.0,2,3,4,213.0556563,213.0556563,63.3,14,0,191,0,0,1,0,0,1,95.0
82,Balsalazide,357.32,2.2,4,8,7,357.09608521,357.09608521,149,26,0,545,0,0,0,0,0,1,0.0
83,Bambuterol,367.4,1.2,2,6,8,367.21072105,367.21072105,91.3,26,0,446,0,0,1,0,0,1,17.5
84,Barnidipine,491.5,4.2,1,8,8,491.20563567,491.20563567,114,36,0,917,0,0,2,0,0,1,1.0
85,Benazepril,424.5,1.3,2,6,10,424.19982201,424.19982201,95.9,31,0,619,0,0,2,0,0,1,18.0
86,Bencyclane,289.5,4.6,0,2,7,289.24056462,289.24056462,12.5,21,0,263,0,0,0,0,0,1,51.0
87,Bendroflumethiazide,421.4,1.2,3,10,3,421.03778278,421.03778278,135,27,0,740,0,0,1,0,0,1,95.0
88,Benperidol,381.4,3.7,1,4,6,381.18525519,381.18525519,52.6,28,0,556,0,0,0,0,0,1,40.0
89,Benzquinamide,404.5,2.1,0,6,7,404.23112214,404.23112214,68.3,29,0,582,0,0,3,0,0,1,36.0
90,Benztropine,307.4,4.5,0,2,4,307.19361443,307.19361443,12.5,23,0,340,0,0,2,0,0,1,29.0
91,Benzydamine,309.4,3.9,0,3,7,309.18411237,309.18411237,30.3,23,0,344,0,0,0,0,0,1,87.0
92,Bepridil,366.5,5.3,0,3,10,366.26711372,366.26711372,15.7,27,0,382,0,0,1,0,0,1,75.5
93,Beta-carotene,536.9,13.5,0,0,10,536.43820181,536.43820181,0,40,0,1120,0,0,0,0,9,1,25.0
94,Betaxolol,307.4,2.8,2,4,11,307.2147438,307.2147438,50.7,22,0,286,0,0,1,0,0,1,87.0
95,Bevantolol,345.4,3.0,2,5,10,345.19400835,345.19400835,60,25,0,355,0,0,1,0,0,1,57.0
96,Bezafibrate,361.8,3.8,2,4,7,361.1080858,361.1080858,75.6,25,0,452,0,0,0,0,0,1,99.0
97,Bifemelane,269.4,4.1,1,2,8,269.17796437,269.17796437,21.3,20,0,238,0,0,0,0,0,1,13.0
98,Biotin,244.31,0.3,3,4,5,244.08816356,244.08816356,104,16,0,298,0,0,3,0,0,1,99.0
99,Biperiden,311.5,4.3,1,2,5,311.22491456,311.22491456,23.5,23,0,422,0,0,4,0,0,1,31.5
100,Bisacodyl,361.4,3.8,0,5,7,361.1314081,361.1314081,65.5,27,0,457,0,0,0,0,0,1,15.0
101,Bisoprolol,325.4,1.9,2,5,12,325.22530848,325.22530848,60,23,0,278,0,0,1,0,0,1,92.5
102,Bosentan,551.6,3.8,2,11,11,551.18385485,551.18385485,154,39,0,839,0,0,0,0,0,1,50.0
103,BRETYLIUM,243.16,2.8,0,0,3,242.05444,242.05444,0,13,1,156,0,0,0,0,0,1,23.0
104,Bromazepam,316.15,1.7,1,3,1,315.00072,315.00072,54.4,19,0,385,0,0,0,0,0,1,84.0
105,Bromfenac,334.16,3.3,2,4,4,333.00006,333.00006,80.4,20,0,366,0,0,0,0,0,1,67.0
106,Bromhexine,376.13,4.3,1,2,3,375.99727,373.99932,29.3,18,0,256,0,0,0,0,0,1,77.5
107,Bromocriptine,654.6,3.8,3,6,5,653.22128,653.22128,118,43,0,1230,0,0,6,0,0,1,28.0
108,Bromopride,344.25,2.8,2,4,7,343.08954,343.08954,67.6,20,0,300,0,0,0,0,0,1,65.0
109,Brompheniramine,319.24,3.5,0,2,5,318.07316,318.07316,16.1,19,0,249,0,0,1,0,0,1,89.0
110,Brotizolam,393.7,2.8,0,4,1,391.94981,391.94981,71.3,22,0,465,0,0,0,0,0,1,70.5
111,Budesonide,430.5,2.5,2,6,4,430.23553881,430.23553881,93.1,31,0,862,0,0,9,0,0,1,17.333333333333332
112,Budipine,293.4,5.2,0,1,3,293.21434987,293.21434987,3.2,22,0,313,0,0,0,0,0,1,47.0
113,Buflomedil,307.4,2.3,0,5,8,307.17835829,307.17835829,48,22,0,330,0,0,0,0,0,1,65.0
114,Bufuralol,261.36,3.5,2,3,5,261.17287899,261.17287899,45.4,19,0,287,0,0,1,0,0,1,46.0
115,Bumetanide,364.4,2.8,3,7,8,364.10929293,364.10929293,127,25,0,528,0,0,0,0,0,1,85.0
116,Bupivacaine,288.4,3.4,1,2,5,288.22016353,288.22016353,32.3,21,0,321,0,0,1,0,0,1,0.0
117,Buprenorphine,467.6,5.0,2,5,5,467.3035588,467.3035588,62.2,34,0,869,0,0,7,0,0,1,28.0
118,Buspirone,385.5,2.6,0,6,6,385.24777526,385.24777526,69.6,28,0,529,0,0,0,0,0,1,3.9
119,Busulfan,246.3,-0.5,0,6,7,246.02318052,246.02318052,104,14,0,294,0,0,0,0,0,1,70.0
120,Butalbital,224.26,1.7,2,3,4,224.11609238,224.11609238,75.3,16,0,327,0,0,0,0,0,1,58.75
121,Butorphanol,327.5,3.8,2,3,2,327.21982918,327.21982918,43.7,24,0,492,0,0,3,0,0,1,17.0
122,Butylscopolamine,360.5,2.6,1,4,8,360.21748345,360.21748345,59.1,26,1,500,0,0,5,0,0,1,0.0
123,Cabergoline,451.6,3.4,2,4,8,451.29472545,451.29472545,71.7,33,0,713,0,0,3,0,0,1,65.0
124,Caffeine,194.19,-0.1,0,3,0,194.08037558,194.08037558,58.4,14,0,293,0,0,0,0,0,1,98.5
125,Calcipotriol,412.6,4.3,3,3,5,412.29774515,412.29774515,60.7,30,0,743,0,0,7,0,3,1,5.25
126,Calcitriol,416.6,5.1,3,3,6,416.32904528,416.32904528,60.7,30,0,688,0,0,6,0,2,1,61.0
127,Capecitabine,359.35,0.6,3,7,7,359.1492636,359.1492636,121,25,0,582,0,0,4,0,0,1,94.5
128,Captopril,217.29,0.3,2,4,3,217.07726452,217.07726452,58.6,14,0,244,0,0,2,0,0,1,70.75
129,Carbamazepine,236.27,2.5,1,1,0,236.09496302,236.09496302,46.3,18,0,326,0,0,0,0,0,1,85.0
130,Carbenicillin,378.4,1.1,3,7,5,378.08855748,378.08855748,149,26,0,645,0,0,4,0,0,1,35.0
131,Carbimazole,186.23,0.7,0,3,2,186.04629874,186.04629874,64.9,12,0,240,0,0,0,0,0,1,0.0
132,Carmustine,214.05,1.5,1,3,4,213.0071819,213.0071819,61.8,12,0,156,0,0,0,0,0,1,11.5
133,Carteolol,292.37,1.0,3,4,6,292.17869264,292.17869264,70.6,21,0,354,0,0,1,0,0,1,86.5
134,Cefaclor,367.8,-1.8,3,6,4,367.0393548,367.0393548,138,24,0,606,0,0,3,0,0,1,90.0
135,Cefadroxil,363.4,-2.1,4,7,4,363.08889183,363.08889183,158,25,0,629,0,0,3,0,0,1,95.0
136,Cefamandole,462.5,-0.9,3,10,7,462.07801005,462.07801005,201,31,0,777,0,0,3,0,0,1,96.0
137,Cefatrizine,462.5,-2.3,5,10,7,462.07801005,462.07801005,225,31,0,775,0,0,3,0,0,1,66.0
138,cefazolin,454.5,-0.4,2,12,7,454.03001449,454.03001449,235,29,0,740,0,0,2,0,0,1,0.0
139,Cefdinir,395.4,0.0,4,10,5,395.03581089,395.03581089,212,26,0,739,0,0,2,0,1,1,18.5
140,Cefditoren,506.6,0.7,3,12,7,506.05008123,506.05008123,242,33,0,928,0,0,2,0,2,1,14.0
141,Cefepime,481.6,-0.7,3,10,7,481.13278528,481.13278528,201,32,1,874,0,0,2,0,1,1,99.0
142,Cefetamet,397.4,-0.7,3,10,5,397.05146095,397.05146095,201,26,0,712,0,0,2,0,1,1,47.0
143,Cefixime,453.5,-0.7,4,12,8,453.04129019,453.04129019,238,30,0,861,0,0,2,0,1,1,43.5
144,Cefodizime,584.7,0.2,4,15,10,584.02763171,584.02763171,305,37,0,1030,0,0,2,0,1,1,0.0
145,Cefoperazone,645.7,-0.7,4,13,9,645.14240122,645.14240122,271,44,0,1250,0,0,3,0,0,1,10.0
146,Cefoxitin,427.5,0.0,3,9,8,427.05079225,427.05079225,202,28,0,744,0,0,2,0,0,1,0.0
147,Cefpodoxime Proxetil,557.6,0.6,2,14,13,557.12501982,557.12501982,235,37,0,976,0,0,3,0,1,1,51.0
148,Cefprozil,389.4,-1.4,4,7,5,389.1045419,389.1045419,158,27,0,699,0,0,3,0,1,1,92.5
149,Ceftazidime,547.6,-0.2,4,12,9,547.10696445,547.10696445,242,37,1,1030,0,0,2,0,1,1,0.0
150,Ceftibuten,410.4,-0.3,4,10,6,410.03547654,410.03547654,217,27,0,755,0,0,2,0,1,1,82.5
151,Ceftizoxime,383.4,0.0,3,10,5,383.03581089,383.03581089,201,25,0,669,0,0,2,0,1,1,0.0
152,Ceftriaxone,554.6,-1.3,4,13,8,554.04605848,554.04605848,288,36,0,1110,0,0,2,0,1,1,0.0
153,Cefuroxime,424.4,-0.2,3,10,8,424.06888466,424.06888466,199,29,0,798,0,0,2,0,1,1,38.5
154,Celiprolol,379.5,1.9,3,5,10,379.24710656,379.24710656,90.9,27,0,474,0,0,1,0,0,1,45.0
155,Cephalexin,347.4,0.6,3,6,4,347.09397721,347.09397721,138,24,0,600,0,0,3,0,0,1,90.0
156,Cephalothin,396.4,-0.4,2,8,7,396.04497859,396.04497859,167,26,0,680,0,0,2,0,0,1,0.0
157,Cephapirin,423.5,-1.1,2,9,8,423.05587763,423.05587763,177,28,0,707,0,0,2,0,0,1,0.0
158,Cephradine,349.4,0.4,3,6,4,349.10962728,349.10962728,138,24,0,697,0,0,3,0,0,1,92.0
159,Cerivastatin,459.5,3.6,3,7,11,459.24210136,459.24210136,99.9,33,0,620,0,0,2,0,1,1,60.0
160,Cetirizine,388.9,1.7,1,5,8,388.1553704,388.1553704,53,27,0,443,0,0,1,0,0,1,85.0
161,Chlorambucil,304.2,1.7,1,3,9,303.0792842,303.0792842,40.5,19,0,250,0,0,0,0,0,1,82.0
162,Chloramphenicol,323.13,1.1,3,5,5,322.0123269,322.0123269,115,20,0,342,0,0,2,0,0,1,82.25
163,Chloramphenicol_palmitate,561.5,9.0,2,6,21,560.2419925,560.2419925,121,37,0,639,0,0,2,0,0,1,81.25
164,Chlordiazepoxide,299.75,2.4,1,3,1,299.0825398,299.0825398,48.2,21,0,580,0,0,0,0,0,1,99.0
165,Chlorhexidine,505.4,0.1,6,2,13,504.2031964,504.2031964,178,34,0,649,0,0,0,0,2,1,1.0
166,Chlormezanone,273.74,1.1,0,3,1,273.0226421,273.0226421,62.8,17,0,395,0,0,1,0,0,1,99.0
167,Chloroquine,319.9,4.6,0,3,8,319.1815255,319.1815255,19.4,22,0,309,0,0,0,0,0,1,80.0
168,Chlorothiazide,295.7,-0.2,2,6,1,294.9488257,294.9488257,135,17,0,532,0,0,0,0,0,1,20.0
169,Chloroxine,214.04,3.5,1,2,0,212.9748192,212.9748192,33.1,13,0,191,0,0,0,0,0,1,89.0
170,Chlorpromazine,318.9,5.2,0,3,4,318.0957475,318.0957475,31.8,21,0,339,0,0,0,0,0,1,37.5
171,CHLORPROPAMIDE,276.74,2.3,2,3,4,276.0335412,276.0335412,83.6,17,0,345,0,0,0,0,0,1,95.0
172,Chlorprothixene,315.9,5.2,0,2,3,315.0848485,315.0848485,28.5,21,0,381,0,0,0,0,1,1,41.0
173,Chlortetracycline,478.9,-1.3,6,9,2,478.1142934,478.1142934,182,33,0,1010,0,0,5,0,0,1,30.0
174,Cibenzoline,262.3,2.7,1,1,3,262.14699859,262.14699859,24.4,20,0,357,0,0,1,0,0,1,86.0
175,Ciclesonide,540.7,5.3,1,7,6,540.30870376,540.30870376,99.1,39,0,1100,0,0,9,0,0,1,1.0
176,Cicloprolol,323.4,2.4,2,5,12,323.20965842,323.20965842,60,23,0,301,0,0,1,0,0,1,99.0
177,Cidofovir,279.19,-3.6,4,6,6,279.06202218,279.06202218,146,18,0,417,0,0,1,0,0,1,5.0
178,CILAZAPRIL,417.5,0.6,2,7,9,417.22637111,417.22637111,99.2,30,0,608,0,0,3,0,0,1,60.0
179,Cilazaprilat,389.4,-2.4,3,7,7,389.19507098,389.19507098,110,28,0,578,0,0,3,0,0,1,26.0
180,Cimetropium,358.5,2.1,1,4,7,358.20183339,358.20183339,59.1,26,1,538,0,0,5,0,0,1,2.0
181,Cinacalcet,357.4,6.1,1,4,6,357.1704342,357.1704342,12,26,0,422,0,0,1,0,0,1,21.25
182,cinoxacin,262.22,2.1,1,7,2,262.05897143,262.05897143,88.4,19,0,449,0,0,0,0,0,1,72.5
183,Ciprofibrate,289.15,3.4,1,3,4,288.0319997,288.0319997,46.5,18,0,333,0,0,1,0,0,1,99.0
184,Ciprofloxacin,331.34,3.8,1,7,3,331.13321962,331.13321962,73.7,24,0,571,0,0,0,0,0,1,65.0
185,Cisapride,465.9,3.4,2,7,9,465.1830623,465.1830623,86,32,0,581,0,0,2,0,0,1,37.5
186,Cladribine,285.69,0.8,3,7,2,285.062867,285.062867,119,19,0,338,0,0,3,0,0,1,44.5
187,Clarithromycin,748.0,3.2,4,14,8,747.47689128,747.47689128,183,52,0,1190,0,0,18,0,0,1,52.5
188,Clavulanic Acid (Clavulanate),199.16,-1.2,2,5,2,199.04807239,199.04807239,87.1,14,0,324,0,0,2,0,1,1,75.0
189,Clemastine,343.9,5.0,0,2,6,343.1702922,343.1702922,12.5,24,0,376,0,0,2,0,0,1,38.1
190,Clenbuterol,277.19,2.2,3,3,4,276.0796186,276.0796186,58.3,17,0,233,0,0,1,0,0,1,97.0
191,Clinafloxacin,365.8,0.4,2,7,3,365.0942473,365.0942473,86.9,25,0,626,0,0,1,0,0,1,90.0
192,Clindamycin,425.0,2.2,4,7,7,424.179871,424.179871,128,27,0,502,0,0,9,0,0,1,88.5
193,Clodronate,244.89,-2.1,4,6,2,243.8860172,243.8860172,115,11,0,211,0,0,0,0,0,1,1.0
194,Clofarabine,303.68,0.9,3,8,2,303.0534451,303.0534451,119,20,0,370,0,0,4,0,0,1,50.0
195,Clofazimine,473.4,7.1,1,4,4,472.1221521,472.1221521,40,33,0,829,0,0,0,0,0,1,57.0
196,Clofibrate,242.7,3.3,0,3,5,242.070972,242.070972,35.5,16,0,232,0,0,0,0,0,1,95.0
197,Clomethiazole,161.65,2.1,0,2,2,161.0065981,161.0065981,41.1,9,0,89.1,0,0,0,0,0,1,25.0
198,Clomifene,406.0,7.2,0,2,9,405.1859422,405.1859422,12.5,29,0,481,0,0,0,0,1,1,92.5
199,Clomipramine,314.9,5.2,0,2,4,314.1549764,314.1549764,6.5,22,0,346,0,0,0,0,0,1,50.5
200,Clonazepam,315.71,2.4,1,4,1,315.0410689,315.0410689,87.3,22,0,491,0,0,0,0,0,1,94.0
201,Clonidine,230.09,1.6,2,1,2,229.0173527,229.0173527,36.4,14,0,222,0,0,0,0,0,1,85.0
202,Clopidogrel,321.8,3.8,0,4,4,321.0590276,321.0590276,57.8,21,0,381,0,0,1,0,0,1,52.5
203,Clorazepate,314.72,3.3,2,4,2,314.0458199,314.0458199,78.8,22,0,488,0,0,1,0,0,1,91.0
204,Clotrimazole,344.8,5.0,0,1,4,344.1080263,344.1080263,17.8,25,0,396,0,0,0,0,0,1,0.0
205,Cloxacillin,435.9,2.4,2,7,4,435.0655696,435.0655696,138,29,0,722,0,0,3,0,0,1,51.5
206,Clozapine,326.8,3.1,1,3,1,326.1298243,326.1298243,30.9,23,0,446,0,0,0,0,0,1,60.0
207,COCAINE,303.35,2.3,0,5,5,303.14705816,303.14705816,55.8,22,0,432,0,0,4,0,0,1,57.0
208,Codeine,299.4,1.1,1,4,1,299.15214354,299.15214354,41.9,22,0,509,0,0,5,0,0,1,70.0
209,Colchicine,399.4,1.0,1,6,5,399.16818753,399.16818753,83.1,29,0,740,0,0,1,0,0,1,47.5
210,Colistin,1639.9,-16.7,23,33,44,1638.6279028,1638.6279028,735,107,0,3500,0,0,13,0,0,1,0.0
211,Conivaptan,498.6,5.7,2,3,4,498.2055761,498.2055761,78.1,38,0,820,0,0,0,0,0,1,42.0
212,Cotinine,176.21,-0.3,0,2,1,176.09496302,176.09496302,33.2,13,0,205,0,0,1,0,0,1,97.0
213,Coumarin,146.14,1.4,0,2,0,146.036779433,146.036779433,26.3,11,0,196,0,0,0,0,0,1,3.0
214,Cyclobenzaprine,275.4,5.2,0,1,3,275.16739968,275.16739968,3.2,21,0,365,0,0,0,0,0,1,50.0
215,Cyclopenthiazide,379.9,1.3,3,7,3,379.0427261,379.0427261,135,23,0,637,0,0,1,0,0,1,99.0
216,Cyclophosphamide,261.08,0.6,1,4,5,260.0248201,260.0248201,41.6,14,0,212,0,0,1,0,0,1,74.5
217,Cycloserine,102.09,-1.5,2,3,0,102.042927442,102.042927442,64.4,7,0,92.9,0,0,1,0,0,1,80.0
218,Cyclosporine,1202.6,7.5,5,12,15,1201.8413681,1201.8413681,279,85,0,2330,0,0,12,0,1,1,30.0
219,Cyproterone,374.9,3.1,1,3,1,374.1648724,374.1648724,54.4,26,0,797,0,0,8,0,0,1,99.0
220,Cytarabine,243.22,-2.1,4,5,2,243.08552053,243.08552053,129,17,0,383,0,0,4,0,0,1,20.0
221,Dantrolene,314.25,1.7,1,6,3,314.06511944,314.06511944,121,23,0,524,0,0,0,0,1,1,70.0
222,Dapsone,248.3,1.0,2,4,2,248.06194881,248.06194881,94.6,17,0,306,0,0,0,0,0,1,84.0
223,Daptomycin,1620.7,-5.1,22,28,35,1619.7103664,1619.7103664,702,115,0,3480,0,0,13,0,0,1,0.0
224,Darifenacin,426.5,4.6,1,3,7,426.23072822,426.23072822,55.6,32,0,607,0,0,1,0,0,1,17.0
225,Darunavir,547.7,2.9,3,9,12,547.23522172,547.23522172,149,38,0,853,0,0,5,0,0,1,37.0
226,Dasatinib,488.0,3.6,3,9,7,487.155722,487.155722,135,33,0,642,0,0,0,0,0,1,15.0
227,Deferasirox,373.4,3.8,3,6,4,373.10625598,373.10625598,109,28,0,540,0,0,0,0,0,1,70.0
228,Deferoxamine,560.7,-2.1,6,9,23,560.35336253,560.35336253,206,39,0,739,0,0,0,0,0,1,5.0
229,Deflazacort,441.5,2.0,1,7,4,441.21513772,441.21513772,102,32,0,996,0,0,8,0,0,1,68.0
230,Delapril,452.5,1.7,2,6,12,452.23112214,452.23112214,95.9,33,0,649,0,0,2,0,0,1,55.0
231,Delavirdine,456.6,2.4,3,7,6,456.19435996,456.19435996,119,32,0,749,0,0,0,0,0,1,85.0
232,Demeclocycline,464.9,0.7,6,9,2,464.0986433,464.0986433,182,32,0,961,0,0,5,0,0,1,68.0
233,Depamide,143.23,2.1,1,1,5,143.13101417,143.13101417,43.1,10,0,95.4,0,0,0,0,0,1,68.0
234,Desipramine,266.4,4.9,1,2,4,266.17829872,266.17829872,15.3,20,0,267,0,0,0,0,0,1,73.75
235,Desmopressin,1069.2,-4.0,13,15,19,1068.42695591,1068.42695591,489,74,0,2040,0,0,7,0,0,1,1.0
236,Dexfenfluramine,231.26,3.4,1,4,4,231.12348401,231.12348401,12,16,0,203,0,0,1,0,0,1,89.0
237,Dexloxiglumide,461.4,3.9,2,5,14,460.1531775,460.1531775,95.9,30,0,550,0,0,1,0,0,1,48.0
238,Dextroamphetamine,135.21,1.8,1,1,2,135.10479942,135.10479942,26,10,0,84.7,0,0,1,0,0,1,81.25
239,Dextromethorphan,271.4,3.4,0,2,1,271.19361443,271.19361443,12.5,20,0,370,0,0,3,0,0,1,11.0
240,Dextromoramide,392.5,3.8,0,3,6,392.24637828,392.24637828,32.8,29,0,495,0,0,1,0,0,1,87.0
241,Dextrose,180.16,-2.6,5,6,1,180.0633881,180.0633881,110,12,0,151,0,0,5,0,0,1,99.0
242,Diacetolol,308.37,0.9,3,5,8,308.17360726,308.17360726,87.7,22,0,373,0,0,1,0,0,1,35.0
243,Diacetylmorphine,369.4,1.5,0,6,4,369.15762284,369.15762284,65.1,27,0,692,0,0,5,0,0,1,1.0
244,Diatrizoate,613.91,1.8,3,4,3,613.7696,613.7696,95.5,20,0,391,0,0,0,0,0,1,5.0
245,Diazepam,284.74,3.0,0,2,1,284.0716407,284.0716407,32.7,20,0,403,0,0,0,0,0,1,87.5
246,Diazoxide,230.67,1.2,1,3,0,229.9916763,229.9916763,66.9,14,0,360,0,0,0,0,0,1,90.0
247,Diclofenac,296.1,4.9,2,3,4,295.016684,295.016684,49.3,19,0,314,0,0,0,0,0,1,77.0
248,Dicloxacillin,470.3,2.9,2,7,4,469.0265972,469.0265972,138,30,0,746,0,0,3,0,0,1,68.75
249,Didanosine,236.23,-1.2,2,5,2,236.09094026,236.09094026,88.7,17,0,348,0,0,2,0,0,1,40.0
250,Diflunisal,250.2,4.4,2,5,2,250.04415044,250.04415044,57.5,18,0,311,0,0,0,0,0,1,85.0
251,Digitoxin,764.9,2.3,5,13,7,764.43469212,764.43469212,183,54,0,1410,0,0,20,0,0,1,95.0
252,Digoxin,780.9,1.3,6,14,7,780.42960674,780.42960674,203,55,0,1450,0,0,21,0,0,1,70.0
253,Dihydrocodeine,301.4,2.2,1,4,1,301.1677936,301.1677936,41.9,22,0,471,0,0,5,0,0,1,20.0
254,Dihydroergotamine,583.7,2.4,3,6,4,583.27946931,583.27946931,118,43,0,1160,0,0,7,0,0,1,1.0
255,Diloxanide,234.08,2.0,1,2,2,233.0010339,233.0010339,40.5,14,0,203,0,0,0,0,0,1,90.0
256,Diltiazem,414.5,3.1,0,6,7,414.1613285,414.1613285,84.4,29,0,565,0,0,2,0,0,1,39.0
257,Dimercaprol,124.23,0.2,3,3,2,124.00165723,124.00165723,22.2,6,0,32,0,0,1,0,0,1,0.0
258,Diphenhydramine,255.35,3.3,0,2,6,255.1623143,255.1623143,12.5,19,0,211,0,0,0,0,0,1,61.0
259,Diprophylline,254.24,-1.8,2,5,3,254.10150495,254.10150495,98.9,18,0,364,0,0,1,0,0,1,90.0
260,Dipyridamole,504.6,0.7,4,12,12,504.3172518,504.3172518,145,36,0,561,0,0,0,0,0,1,33.9
261,Dirithromycin,835.1,4.2,5,16,12,834.5453052,834.5453052,196,58,0,1300,0,0,20,0,0,1,10.0
262,Disopyramide,339.5,3.2,1,3,8,339.23106257,339.23106257,59.2,25,0,409,0,0,1,0,0,1,86.5
263,Distigmine,416.5,2.7,0,4,11,416.24235553,416.24235553,66.8,30,2,487,0,0,0,0,0,1,6.325
264,Disulfiram,296.5,3.9,0,4,7,296.05093335,296.05093335,121,16,0,201,0,0,0,0,0,1,80.0
265,Docetaxel,807.9,1.6,5,14,13,807.34660539,807.34660539,224,58,0,1660,0,0,11,0,0,1,0.0
266,Docosanol,326.6,10.5,1,1,20,326.3548661,326.3548661,20.2,23,0,190,0,0,0,0,0,1,0.0
267,Dofetilide,441.6,1.8,2,8,11,441.13921333,441.13921333,122,29,0,672,0,0,0,0,0,1,96.0
268,Dolasetron,324.4,3.4,1,4,3,324.14739251,324.14739251,62.4,24,0,535,0,0,2,0,0,1,75.0
269,Domperidone,425.9,3.9,2,3,5,425.1618527,425.1618527,67.9,30,0,655,0,0,0,0,0,1,15.0
270,Donepezil,379.5,4.3,0,4,6,379.2147438,379.2147438,38.8,28,0,510,0,0,1,0,0,1,99.5
271,Dosulepin,295.4,4.5,0,2,3,295.13947086,295.13947086,28.5,21,0,363,0,0,0,0,1,1,30.0
272,Doxapram,378.5,3.3,0,3,6,378.23072822,378.23072822,32.8,28,0,487,0,0,1,0,0,1,64.0
273,Doxepin,279.4,4.3,0,2,3,279.1623143,279.1623143,12.5,21,0,363,0,0,0,0,1,1,29.5
274,Doxifluridine,246.19,-1.7,3,6,1,246.06519962,246.06519962,99.1,17,0,399,0,0,4,0,0,1,40.0
275,DOXORUBICIN,543.5,1.3,6,12,5,543.17406076,543.17406076,206,39,0,977,0,0,6,0,0,1,5.0
276,Doxycycline,444.4,-0.7,6,9,2,444.15326574,444.15326574,182,32,0,956,0,0,6,0,0,1,96.5
277,Doxylamine,270.37,2.5,0,3,6,270.17321334,270.17321334,25.4,20,0,276,0,0,1,0,0,1,24.3500005
278,Droperidol,379.4,3.5,1,4,6,379.16960512,379.16960512,52.6,28,0,615,0,0,0,0,0,1,75.0
279,Drospirenone,366.5,3.5,0,3,0,366.21949483,366.21949483,43.4,27,0,828,0,0,10,0,0,1,76.0
280,Drotaverine,397.5,5.4,1,5,9,397.22530848,397.22530848,49,29,0,511,0,0,0,0,1,1,61.5
281,Droxidopa,213.19,-3.2,5,6,3,213.06372246,213.06372246,124,15,0,235,0,0,2,0,0,1,90.0
282,Duloxetine,297.4,4.3,1,3,6,297.11873541,297.11873541,49.5,21,0,312,0,0,1,0,0,1,50.0
283,Dutasteride,528.5,5.4,2,8,2,528.22114719,528.22114719,58.2,37,0,964,0,0,7,0,0,1,60.0
284,Dydrogesterone,312.4,3.8,0,2,1,312.20893014,312.20893014,34.1,23,0,628,0,0,6,0,0,1,28.0
285,Edrophonium,166.24,1.8,1,1,2,166.12318914,166.12318914,20.2,12,1,145,0,0,0,0,0,1,0.0
286,Eflornithine,182.17,-2.9,3,6,5,182.08668396,182.08668396,89.3,12,0,166,0,0,1,0,0,1,55.0
287,Emedastine,302.4,2.2,0,4,5,302.21066148,302.21066148,33.5,22,0,341,0,0,0,0,0,1,50.0
288,Emepronium,282.4,4.8,0,0,6,282.22217491,282.22217491,0,21,1,266,0,0,1,0,0,1,1.0
289,Enalapril,376.4,-0.1,2,6,10,376.19982201,376.19982201,95.9,27,0,519,0,0,3,0,0,1,61.75
290,Enalaprilat,348.4,-0.7,3,6,8,348.16852188,348.16852188,107,25,0,490,0,0,3,0,0,1,40.0
291,Encainide,352.5,4.3,1,3,6,352.21507815,352.21507815,41.6,26,0,434,0,0,1,0,0,1,27.0
292,Endralazine,269.3,0.4,2,5,2,269.12766013,269.12766013,84.1,20,0,345,0,0,0,0,0,1,75.0
293,Enoxacin,320.32,-0.2,2,8,3,320.12846859,320.12846859,85.8,23,0,521,0,0,0,0,0,1,87.0
294,Eplerenone,414.5,1.4,0,6,2,414.20423868,414.20423868,82.2,30,0,907,0,0,8,0,0,1,69.5
295,Epristeride,399.6,5.1,2,3,3,399.27734406,399.27734406,66.4,29,0,788,0,0,6,0,0,1,93.0
296,Eprosartan,424.5,4.5,2,6,10,424.14567844,424.14567844,121,30,0,618,0,0,0,0,1,1,14.0
297,Eproxindine,395.5,3.4,2,4,9,395.22089181,395.22089181,66.7,29,0,508,0,0,1,0,0,1,70.0
298,Eptifibatide,832.0,-2.4,10,12,10,831.31561455,831.31561455,377,57,0,1520,0,0,5,0,0,1,0.0
299,Ergoloid mesylate,591.7,3.5,3,6,5,591.34206957,591.34206957,118,43,0,1180,0,0,7,0,0,1,25.0
300,Ergonovine,325.4,1.8,3,3,3,325.17902699,325.17902699,68.4,24,0,535,0,0,3,0,0,1,50.0
301,Ergotamine,581.7,2.0,3,6,4,581.26381925,581.26381925,118,43,0,1220,0,0,6,0,0,1,1.5
302,Erythromycin,733.9,2.7,5,14,7,733.46124122,733.46124122,194,51,0,1180,0,0,18,0,0,1,41.25
303,Esomeprazole,345.4,2.2,1,6,5,345.11471266,345.11471266,96.3,24,0,453,0,0,1,0,0,1,61.5
304,Estazolam,294.74,1.7,0,3,1,294.0672241,294.0672241,43.1,21,0,407,0,0,0,0,0,1,93.0
305,Estradiol,272.4,4.0,2,2,0,272.17763001,272.17763001,40.5,20,0,382,0,0,5,0,0,1,5.0
306,Estradiol_17-valerate,356.5,6.0,1,3,5,356.23514489,356.23514489,46.5,26,0,518,0,0,5,0,0,1,3.0
307,Estramustine phosphate,520.4,2.9,2,6,8,519.1344301,519.1344301,96.3,33,0,747,0,0,5,0,0,1,51.85
308,Ethacrynic acid,303.13,3.8,1,4,6,302.0112643,302.0112643,63.6,19,0,370,0,0,0,0,0,1,99.0
309,Ethambutol,204.31,-0.1,4,4,9,204.18377802,204.18377802,64.5,14,0,109,0,0,2,0,0,1,77.0
310,Ethanol,46.07,-0.1,1,1,0,46.041864813,46.041864813,20.2,3,0,2.8,0,0,0,0,0,1,80.0
311,Ethionamide,166.25,1.1,1,2,2,166.05646951,166.05646951,71,11,0,147,0,0,0,0,0,1,80.0
312,Ethopropazine,312.5,4.8,0,3,5,312.16601996,312.16601996,31.8,22,0,322,0,0,1,0,0,1,5.0
313,Ethosuximide,141.17,0.4,1,2,1,141.0789786,141.0789786,46.2,10,0,188,0,0,1,0,0,1,93.0
314,Ethoxzolamide,258.3,2.0,1,6,3,258.01328454,258.01328454,119,16,0,341,0,0,0,0,0,1,65.0
315,Etidocaine,276.4,3.7,1,2,7,276.22016353,276.22016353,32.3,20,0,283,0,0,1,0,0,1,0.0
316,Etidronic Acid,206.03,-3.7,5,7,2,205.97452659,205.97452659,135,11,0,211,0,0,0,0,0,1,5.0
317,Etilefrine,181.23,0.1,3,3,4,181.11027873,181.11027873,52.5,13,0,141,0,0,1,0,0,1,55.0
318,Etodolac,287.35,2.8,2,3,4,287.15214354,287.15214354,62.3,21,0,400,0,0,1,0,0,1,90.0
319,Etofylline,224.22,-1.2,1,4,2,224.09094026,224.09094026,78.7,16,0,322,0,0,0,0,0,1,80.0
320,Etoricoxib,358.8,3.3,0,4,3,358.0542766,358.0542766,68.3,24,0,514,0,0,0,0,0,1,99.5
321,Etretinate,354.5,6.8,0,3,8,354.21949483,354.21949483,35.5,26,0,568,0,0,0,0,4,1,40.0
322,Exemestane,296.4,3.1,0,2,0,296.17763001,296.17763001,34.1,22,0,653,0,0,5,0,0,1,51.0
323,Ezetimibe,409.4,4.0,2,5,6,409.14894987,409.14894987,60.8,30,0,567,0,0,3,0,0,1,45.0
324,Famciclovir,321.33,0.0,1,8,9,321.14370411,321.14370411,122,23,0,404,0,0,0,0,0,1,76.75
325,Famotidine,337.5,-0.6,4,8,7,337.04493628,337.04493628,238,20,0,469,0,0,0,0,1,1,42.25
326,Felbamate,238.24,0.6,2,4,7,238.09535694,238.09535694,105,17,0,246,0,0,0,0,0,1,90.0
327,Felodipine,384.2,3.9,1,5,6,383.0691135,383.0691135,64.6,25,0,614,0,0,1,0,0,1,15.0
328,Femoxetine,311.4,4.0,0,3,5,311.18852905,311.18852905,21.7,23,0,335,0,0,2,0,0,1,8.0
329,Fenbufen,254.28,3.2,1,3,5,254.09429431,254.09429431,54.4,19,0,310,0,0,0,0,0,1,78.0
330,Fenflumizole,392.4,5.2,1,5,5,392.13363415,392.13363415,47.1,29,0,509,0,0,0,0,0,1,50.0
331,Fenoldopam,305.75,2.4,4,4,1,305.0818711,305.0818711,72.7,21,0,348,0,0,1,0,0,1,6.0
332,Fenspiride,260.33,2.1,1,3,3,260.15247789,260.15247789,41.6,19,0,318,0,0,0,0,0,1,90.0
333,Fentanyl,336.5,4.0,0,2,6,336.22016353,336.22016353,23.6,25,0,391,0,0,0,0,0,1,32.0
334,Fexofenadine,501.7,3.0,3,5,10,501.28790874,501.28790874,81,37,0,678,0,0,1,0,0,1,52.75
335,Finasteride,372.5,3.0,2,2,2,372.27767841,372.27767841,58.2,27,0,678,0,0,7,0,0,1,64.0
336,Flecainide,414.34,3.8,2,10,7,414.13781149,414.13781149,59.6,28,0,500,0,0,1,0,0,1,95.0
337,Fleroxacin,369.34,-0.1,1,9,4,369.13002594,369.13002594,64.1,26,0,595,0,0,0,0,0,1,99.0
338,Floxuridine,246.19,-1.2,3,6,2,246.06519962,246.06519962,99.1,17,0,386,0,0,3,0,0,1,90.0
339,FLUCLOXACILLIN,453.9,2.6,2,8,4,453.0561477,453.0561477,138,30,0,758,0,0,3,0,0,1,60.0
340,Fluconazole,306.27,0.4,1,7,5,306.10406536,306.10406536,81.6,22,0,358,0,0,0,0,0,1,90.0
341,Flucytosine,129.09,-0.9,2,3,0,129.03383992,129.03383992,67.5,9,0,208,0,0,0,0,0,1,85.75
342,Fludarabine,365.21,-3.1,5,12,4,365.05366294,365.05366294,186,24,0,514,0,0,4,0,0,1,56.25
343,Flumazenil,303.29,1.0,0,5,3,303.10191949,303.10191949,64.4,22,0,461,0,0,0,0,0,1,16.0
344,Flunisolide,434.5,2.5,2,7,2,434.21046688,434.21046688,93.1,31,0,910,0,0,9,0,0,1,6.7
345,Flunitrazepam,313.28,2.1,0,5,1,313.08626942,313.08626942,78.5,23,0,519,0,0,0,0,0,1,75.5
346,Fluocortolone,376.5,2.4,2,5,2,376.20498758,376.20498758,74.6,27,0,743,0,0,9,0,0,1,90.0
347,Fluorescein,332.3,3.4,2,5,0,332.06847348,332.06847348,76,25,0,522,0,0,0,0,0,1,99.0
348,FLUOROURACIL,130.08,-0.9,2,3,0,130.01785551,130.01785551,58.2,9,0,199,0,0,0,0,0,1,28.0
349,Fluoxetine,309.33,4.0,1,5,6,309.13404869,309.13404869,21.3,22,0,308,0,0,1,0,0,1,65.0
350,Fluoxymesterone,336.4,2.4,2,4,0,336.21007296,336.21007296,57.5,24,0,630,0,0,7,0,0,1,89.5
351,Flupenthixol,434.5,4.5,1,7,5,434.1639691,434.1639691,52,30,0,592,0,0,0,0,1,1,48.75
352,Fluphenazine,437.5,4.4,1,8,6,437.17486813,437.17486813,55.2,30,0,544,0,0,0,0,0,1,2.7
353,Flupirtine,304.32,2.4,3,6,6,304.13355397,304.13355397,89.3,22,0,350,0,0,0,0,0,1,90.0
354,Flurazepam,387.9,3.0,0,4,6,387.1513682,387.1513682,35.9,27,0,540,0,0,0,0,0,1,83.0
355,Flurbiprofen,244.26,4.2,1,3,3,244.08995782,244.08995782,37.3,18,0,286,0,0,1,0,0,1,92.0
356,Flutamide,276.21,3.3,1,6,2,276.07217671,276.07217671,74.9,19,0,352,0,0,0,0,0,1,90.0
357,Fluticasone_propionate,500.6,4.0,1,9,6,500.18442976,500.18442976,106,34,0,984,0,0,9,0,0,1,1.0
358,Fluvastatin,411.5,3.5,3,5,8,411.18458648,411.18458648,82.7,30,0,590,0,0,2,0,1,1,25.5
359,Fluvoxamine,318.33,2.6,1,7,9,318.15551241,318.15551241,56.8,22,0,327,0,0,0,0,1,1,53.0
360,Folic Acid,441.4,-1.1,6,10,9,441.13968136,441.13968136,209,32,0,767,0,0,1,0,0,1,75.0
361,Folinic acid,473.4,-1.2,7,10,9,473.16589611,473.16589611,216,34,0,911,0,0,2,0,0,1,4.0
362,Foscarnet,126.01,-2.0,3,5,1,125.97181019,125.97181019,94.8,7,0,120,0,0,0,0,0,1,9.0
363,Fosfomycin,138.06,-1.4,2,4,1,138.0081957,138.0081957,70.1,8,0,138,0,0,2,0,0,1,32.25
364,Fosinopril,563.7,6.2,1,7,15,563.30118982,563.30118982,110,39,0,850,0,0,4,0,0,1,35.0
365,Frovatriptan,243.3,1.2,3,2,2,243.13716218,243.13716218,70.9,18,0,333,0,0,1,0,0,1,26.0
366,Fructose,180.16,-2.8,5,6,1,180.0633881,180.0633881,110,12,0,162,0,0,4,0,0,1,50.0
367,Furosemide,330.74,2.0,3,7,5,330.0077203,330.0077203,131,21,0,481,0,0,0,0,0,1,63.5
368,Fusidic acid,516.7,5.5,3,6,6,516.34508927,516.34508927,104,37,0,994,0,0,10,0,1,1,91.0
369,Gabapentin,171.24,-1.1,2,3,3,171.12592879,171.12592879,63.3,12,0,162,0,0,0,0,0,1,51.5
370,Galantamine,287.35,1.8,1,4,1,287.15214354,287.15214354,41.9,21,0,440,0,0,3,0,0,1,94.5
371,Ganciclovir,255.23,-2.5,4,6,5,255.09675392,255.09675392,135,18,0,346,0,0,0,0,0,1,4.5
372,Gatifloxacin,375.4,-0.7,2,8,4,375.15943436,375.15943436,82.1,27,0,653,0,0,1,0,0,1,96.0
373,Gefitinib,446.9,4.1,1,8,8,446.1520965,446.1520965,68.7,31,0,545,0,0,0,0,0,1,59.5
374,Gemfibrozil,250.33,3.8,1,3,6,250.15689457,250.15689457,46.5,18,0,273,0,0,0,0,0,1,99.0
375,Genaconazole,331.34,0.6,1,7,5,331.08021886,331.08021886,93.5,22,0,487,0,0,2,0,0,1,99.0
376,Ginkgolide A,408.4,0.6,2,9,1,408.14203235,408.14203235,129,29,0,893,0,0,10,0,0,1,80.0
377,Ginkgolide B,424.4,-0.4,3,10,1,424.13694697,424.13694697,149,30,0,925,0,0,11,0,0,1,88.0
378,Gliclazide,323.4,1.5,2,4,3,323.13036272,323.13036272,86.9,22,0,497,0,0,2,0,0,1,83.5
379,Glimepiride,490.6,3.9,3,5,7,490.22499139,490.22499139,133,34,0,895,0,0,0,0,0,1,99.66666666666667
380,Glipizide,445.5,1.9,3,6,7,445.17837555,445.17837555,139,31,0,697,0,0,0,0,0,1,97.5
381,Glucosamine,179.17,-2.8,5,6,1,179.07937252,179.07937252,116,12,0,155,0,0,5,0,0,1,26.0
382,Glyburide (Glibenclamide),494.0,4.8,3,5,8,493.1438199,493.1438199,122,33,0,746,0,0,0,0,0,1,82.0
383,Glycopyrrolate,318.4,3.1,1,3,5,318.20691877,318.20691877,46.5,23,1,424,0,0,2,0,0,1,17.0
384,Granisetron,312.4,2.8,1,3,2,312.19501141,312.19501141,50.2,23,0,442,0,0,2,0,0,1,60.0
385,Grepafloxacin,359.4,-0.2,2,7,3,359.16451974,359.16451974,72.9,26,0,636,0,0,1,0,0,1,70.0
386,Griseofulvin,352.8,2.2,0,6,3,352.071366,352.071366,71.1,24,0,575,0,0,2,0,0,1,48.75
387,Guanabenz,231.08,1.7,2,2,2,230.0126017,230.0126017,76.8,14,0,228,0,0,0,0,1,1,75.0
388,Guanadrel,213.28,0.0,2,3,2,213.14772687,213.14772687,82.9,15,0,245,0,0,1,0,0,1,85.0
389,Guanethidine,198.31,0.5,2,2,3,198.18444673,198.18444673,67.6,14,0,167,0,0,0,0,0,1,20.0
390,Guanfacine,246.09,2.0,2,1,2,245.0122673,245.0122673,81.5,15,0,256,0,0,0,0,0,1,85.5
391,Halofantrine,500.4,8.6,1,5,10,499.1656545,499.1656545,23.5,33,0,584,0,0,1,0,0,1,6.3000002
392,Haloperidol,375.9,3.2,1,4,6,375.1401348,375.1401348,40.5,26,0,459,0,0,0,0,0,1,62.5
393,Hesperetin,302.28,2.4,3,6,2,302.07903817,302.07903817,96.2,22,0,413,0,0,1,0,0,1,20.0
394,Hexobarbital,236.27,1.5,1,3,1,236.11609238,236.11609238,66.5,17,0,428,0,0,1,0,0,1,95.0
395,Homocysteine,135.19,-3.4,3,4,3,135.03539971,135.03539971,64.3,8,0,86.1,0,0,1,0,0,1,53.0
396,Hydralazine,160.18,0.7,2,4,1,160.07489628,160.07489628,63.8,12,0,150,0,0,0,0,0,1,30.5
397,Hydrochlorothiazide,297.7,-0.1,3,7,1,296.9644758,296.9644758,135,17,0,494,0,0,0,0,0,1,68.66666666666667
398,Hydrocodone,299.4,2.2,0,4,1,299.15214354,299.15214354,38.8,22,0,509,0,0,4,0,0,1,75.0
399,Hydroflumethiazide,331.3,0.4,3,10,1,330.99083259,330.99083259,135,20,0,578,0,0,0,0,0,1,50.0
400,Hydromorphone,285.34,1.8,1,4,0,285.13649348,285.13649348,49.8,21,0,494,0,0,4,0,0,1,37.25
401,Hydroxychloroquine,335.9,3.6,2,4,9,335.1764402,335.1764402,48.4,23,0,331,0,0,1,0,0,1,74.0
402,Hydroxyurea,76.055,-1.8,3,2,0,76.027277377,76.027277377,75.4,5,0,42.9,0,0,0,0,0,1,79.0
403,Hydroxyzine,374.9,3.7,1,4,8,374.1761058,374.1761058,35.9,26,0,376,0,0,1,0,0,1,85.0
404,Hypericin,504.4,5.9,6,8,0,504.08451747,504.08451747,156,38,0,1180,0,0,0,0,0,1,20.0
405,Ibandronate,319.23,-4.1,5,8,9,319.09497608,319.09497608,139,19,0,342,0,0,0,0,0,1,0.8
406,Ibuprofen,206.28,3.5,1,2,4,206.13067982,206.13067982,37.3,15,0,203,0,0,1,0,0,1,87.5
407,Ibutilide,384.6,4.0,2,5,14,384.2446642,384.2446642,78,26,0,443,0,0,1,0,0,1,8.0
408,Idarubicin,497.5,1.9,5,10,3,497.16858145,497.16858145,177,36,0,912,0,0,6,0,0,1,28.0
409,Idazoxan,204.22,0.7,1,3,1,204.08987763,204.08987763,42.8,15,0,267,0,0,1,0,0,1,34.0
410,Ifosfamide,261.08,0.9,1,4,5,260.0248201,260.0248201,41.6,14,0,218,0,0,1,0,0,1,96.0
411,Imatinib,493.6,3.5,2,7,7,493.25900865,493.25900865,86.3,37,0,706,0,0,0,0,0,1,98.0
412,Imidapril,405.4,-0.7,2,7,10,405.1899856,405.1899856,116,29,0,619,0,0,3,0,0,1,42.0
413,Imipenem,299.35,-0.7,3,6,6,299.09397721,299.09397721,142,20,0,491,0,0,3,0,0,1,1.0
414,Imipramine,280.4,4.8,0,2,4,280.19394878,280.19394878,6.5,21,0,291,0,0,0,0,0,1,44.0
415,Incadronate,287.19,-3.5,5,7,4,287.06876133,287.06876133,127,17,0,307,0,0,0,0,0,1,1.0
416,Indinavir,613.8,2.8,4,7,12,613.36280502,613.36280502,118,45,0,952,0,0,5,0,0,1,65.0
417,Indobufen,295.3,3.1,1,3,4,295.12084341,295.12084341,57.6,22,0,428,0,0,1,0,0,1,85.0
418,Indomethacin,357.8,4.3,1,4,4,357.0767857,357.0767857,68.5,25,0,506,0,0,0,0,0,1,99.5
419,Indoramin,347.5,4.1,2,2,5,347.19976244,347.19976244,48.1,26,0,454,0,0,0,0,0,1,18.0
420,Ipratropium,332.5,2.6,1,3,6,332.22256883,332.22256883,46.5,24,1,430,0,0,3,0,0,1,3.0
421,Irbesartan,428.5,4.1,1,5,7,428.23245955,428.23245955,87.1,32,0,682,0,0,0,0,0,1,66.66666666666667
422,Irinotecan,586.7,3.0,1,8,5,586.27913496,586.27913496,113,43,0,1200,0,0,1,0,0,1,8.0
423,Isoniazid,137.14,-0.7,2,3,1,137.058911859,137.058911859,68,10,0,120,0,0,0,0,0,1,80.0
424,Isoproterenol,211.26,-0.6,4,4,4,211.12084341,211.12084341,72.7,15,0,187,0,0,1,0,0,1,0.0
425,Isosorbide 2-Mononitrate,191.14,-0.4,1,6,1,191.04298701,191.04298701,93.7,13,0,216,0,0,4,0,0,1,93.0
426,Isosorbide Dinitrate,236.14,1.3,0,8,2,236.02806522,236.02806522,129,16,0,268,0,0,4,0,0,1,22.0
427,Isotretinoin,300.4,6.3,1,2,5,300.20893014,300.20893014,37.3,22,0,567,0,0,0,0,4,1,40.0
428,Isoxicam,335.34,3.0,2,7,2,335.0575917,335.0575917,121,23,0,627,0,0,0,0,0,1,97.0
429,Isradipine,371.4,4.3,1,8,6,371.14812079,371.14812079,104,27,0,685,0,0,1,0,0,1,19.75
430,Itraconazole,705.6,5.7,0,9,11,704.2393071,704.2393071,101,49,0,1120,0,0,3,0,0,1,55.0
431,Kanamycin,484.5,-6.9,11,15,6,484.23805799,484.23805799,283,33,0,638,0,0,15,0,0,1,1.0
432,KETAMINE,237.72,2.2,1,2,2,237.0920418,237.0920418,29.1,16,0,269,0,0,1,0,0,1,20.0
433,Ketanserin,395.4,2.6,1,5,5,395.16451974,395.16451974,69.7,29,0,627,0,0,0,0,0,1,50.0
434,Ketobemidone,247.33,1.0,1,3,3,247.15722892,247.15722892,40.5,18,0,295,0,0,0,0,0,1,35.5
435,Ketoconazole,531.4,4.3,0,6,7,530.1487608,530.1487608,69.1,36,0,735,0,0,2,0,0,1,71.0
436,Ketoprofen,254.28,3.1,1,3,4,254.09429431,254.09429431,54.4,19,0,331,0,0,1,0,0,1,90.0
437,Ketorolac,255.27,1.9,1,3,3,255.08954328,255.08954328,59.3,19,0,376,0,0,1,0,0,1,99.5
438,Ketotifen,309.4,3.2,0,3,0,309.11873541,309.11873541,48.6,22,0,476,0,0,0,0,0,1,60.0
439,L-5-hydroxytryptophan,220.22,-1.2,4,4,3,220.08479225,220.08479225,99.3,16,0,272,0,0,1,0,0,1,70.0
440,Labetalol,328.4,3.1,4,4,8,328.17869264,328.17869264,95.6,24,0,385,0,0,2,0,0,1,25.0
441,Lacidipine,455.5,4.5,1,7,11,455.23078779,455.23078779,90.9,33,0,805,0,0,0,0,1,1,14.0
442,Lactulose,342.3,-4.3,8,11,5,342.11621152,342.11621152,190,23,0,395,0,0,9,0,0,1,0.0
443,Lamivudine,229.26,-0.9,2,4,2,229.0521124,229.0521124,113,15,0,331,0,0,2,0,0,1,86.0
444,Lamotrigine,256.09,1.4,2,5,1,255.0078506,255.0078506,90.7,16,0,242,0,0,0,0,0,1,97.8
445,Lansoprazole,369.4,2.8,1,8,5,369.07588237,369.07588237,87.1,25,0,480,0,0,1,0,0,1,80.5
446,Lapatinib,581.1,5.1,2,9,11,580.1347324,580.1347324,115,40,0,898,0,0,0,0,0,1,0.0
447,L-Arginine,174.2,-4.2,4,4,5,174.11167571,174.11167571,128,12,0,176,0,0,1,0,0,1,68.0
448,Leflunomide,270.21,2.5,1,6,2,270.06161203,270.06161203,55.1,19,0,327,0,0,0,0,0,1,80.0
449,Lercanidipine,611.7,6.9,1,8,13,611.29953605,611.29953605,114,45,0,1090,0,0,1,0,0,1,10.0
450,Levamisole,204.29,1.8,0,2,1,204.07211957,204.07211957,40.9,14,0,246,0,0,1,0,0,1,65.0
451,Levetiracetam,170.21,-0.3,1,2,3,170.1055277,170.1055277,63.4,12,0,203,0,0,1,0,0,1,99.66666666666667
452,Levobunolol,291.4,2.4,2,4,6,291.18344367,291.18344367,58.6,21,0,350,0,0,1,0,0,1,75.0
453,Levocarnitine,161.2,-0.2,1,3,3,161.10519335,161.10519335,60.4,11,0,134,0,0,1,0,0,1,12.5
454,Levodopa,197.19,-2.7,4,5,3,197.06880784,197.06880784,104,14,0,209,0,0,1,0,0,1,35.0
455,Levofloxacin,361.4,-0.4,1,8,2,361.1437843,361.1437843,73.3,26,0,634,0,0,1,0,0,1,98.83333333333333
456,Levomepromazine,328.5,4.7,0,4,5,328.16093458,328.16093458,41,23,0,378,0,0,1,0,0,1,52.5
457,Levoprotiline,293.4,3.6,2,2,4,293.17796437,293.17796437,32.3,22,0,371,0,0,1,0,0,1,40.0
458,Lidocaine,234.34,2.3,1,2,5,234.17321334,234.17321334,32.3,17,0,228,0,0,0,0,0,1,35.0
459,lincomycin,406.5,0.2,5,8,7,406.213758,406.213758,148,27,0,499,0,0,9,0,0,1,25.0
460,Linezolid,337.35,0.7,1,6,4,337.1437843,337.1437843,71.1,24,0,472,0,0,1,0,0,1,99.5
461,Lipoic Acid,206.3,1.7,1,4,5,206.04352204,206.04352204,87.9,12,0,150,0,0,1,0,0,1,29.5
462,Lisinopril,405.5,-2.9,4,7,12,405.22637111,405.22637111,133,29,0,550,0,0,3,0,0,1,25.0
463,Lisuride,338.4,2.7,2,2,3,338.21066148,338.21066148,51.4,25,0,544,0,0,2,0,0,1,14.5
464,Lofexidine,259.13,2.6,1,2,3,258.0326684,258.0326684,33.6,16,0,263,0,0,1,0,0,1,90.0
465,Lomefloxacin,351.35,-0.8,2,8,3,351.13944781,351.13944781,72.9,25,0,586,0,0,1,0,0,1,97.0
466,Lomustine,233.69,2.8,1,3,3,233.0931045,233.0931045,61.8,15,0,219,0,0,0,0,0,1,99.5
467,Loperamide,477.0,5.0,1,3,7,476.223056,476.223056,43.8,34,0,623,0,0,0,0,0,1,1.0
468,Loracarbef,349.77,-1.7,3,5,4,349.0829337,349.0829337,113,24,0,600,0,0,3,0,0,1,94.0
469,Loratadine,382.9,5.2,0,3,2,382.1448057,382.1448057,42.4,27,0,569,0,0,0,0,0,1,40.0
470,Lorazepam,321.2,2.4,2,3,1,320.011933,320.011933,61.7,21,0,443,0,0,1,0,0,1,89.0
471,Lormetazepam,335.2,2.4,1,3,1,334.027583,334.027583,52.9,22,0,471,0,0,1,0,0,1,77.5
472,Losartan,422.9,4.3,2,5,8,422.1621871,422.1621871,92.5,30,0,520,0,0,0,0,0,1,32.666666666666664
473,Loteprednol Etabonate,466.9,3.9,1,7,7,466.175831,466.175831,99.1,32,0,882,0,0,7,0,0,1,0.0
474,Lovastatin,404.5,4.3,1,5,7,404.25627426,404.25627426,72.8,29,0,666,0,0,8,0,0,1,5.0
475,Loxapine,327.8,3.1,0,3,1,327.1138399,327.1138399,28.1,23,0,450,0,0,0,0,0,1,30.0
476,Lubiprostone,390.5,4.0,2,7,11,390.22178046,390.22178046,83.8,27,0,525,0,0,4,0,0,1,0.0
477,Lumiracoxib,293.72,4.2,2,4,4,293.0618845,293.0618845,49.3,20,0,342,0,0,0,0,0,1,78.0
478,Lymecycline,602.6,-4.4,9,13,10,602.25879344,602.25879344,243,43,0,1230,0,0,6,0,0,1,99.5
479,Mannitol,182.17,-3.1,6,6,5,182.07903817,182.07903817,121,12,0,105,0,0,4,0,0,1,7.0
480,Maprotiline,277.4,4.6,1,1,4,277.18304975,277.18304975,12,21,0,339,0,0,0,0,0,1,68.0
481,Maraviroc,513.7,5.1,1,6,8,513.32791729,513.32791729,63,37,0,751,0,0,3,0,0,1,23.0
482,Mazindol,284.74,2.2,1,2,1,284.0716407,284.0716407,35.8,20,0,419,0,0,1,0,0,1,93.0
483,Mebendazole,295.29,2.8,2,4,4,295.09569129,295.09569129,84.1,22,0,423,0,0,0,0,0,1,14.0
484,Mecamylamine,167.29,2.6,1,1,1,167.16739968,167.16739968,12,12,0,197,0,0,3,0,0,1,99.0
485,Meclofenamic acid,296.1,5.2,2,3,3,295.016684,295.016684,49.3,19,0,327,0,0,0,0,0,1,65.099998
486,Medifoxamine,257.33,3.8,0,3,6,257.14157886,257.14157886,21.7,19,0,213,0,0,0,0,0,1,21.0
487,Medroxalol,372.4,2.9,4,6,8,372.16852188,372.16852188,114,27,0,491,0,0,2,0,0,1,38.0
488,Medroxyprogesterone,344.5,3.5,1,3,1,344.23514489,344.23514489,54.4,25,0,664,0,0,7,0,0,1,15.0
489,Medroxyprogesterone_acetate,386.5,4.1,0,4,3,386.24570957,386.24570957,60.4,28,0,767,0,0,7,0,0,1,10.0
490,Mefenamic Acid,241.28,5.1,2,3,3,241.11027873,241.11027873,49.3,18,0,292,0,0,0,0,0,1,90.0
491,Mefloquine,378.31,3.6,2,9,2,378.11668212,378.11668212,45.2,26,0,483,0,0,2,0,0,1,80.0
492,Megestrol Acetate,384.5,3.1,0,4,3,384.23005951,384.23005951,60.4,28,0,821,0,0,6,0,0,1,90.0
493,Melagatran,429.5,-1.0,5,6,9,429.2376045,429.2376045,149,31,0,671,0,0,2,0,0,1,20.0
494,Melatonin,232.28,0.7,1,3,4,232.12117776,232.12117776,50.7,17,0,304,0,0,1,0,0,1,26.0
495,Meloxicam,351.4,3.0,2,7,2,351.03474826,351.03474826,136,23,0,628,0,0,0,0,0,1,93.0
496,Melphalan,305.2,-0.5,2,4,8,304.0745332,304.0745332,66.6,19,0,265,0,0,1,0,0,1,64.0
497,Memantine,179.3,3.3,1,1,0,179.16739968,179.16739968,26,13,0,240,0,0,2,0,0,1,99.5
498,Meperidine,247.33,2.5,0,3,4,247.15722892,247.15722892,29.5,18,0,276,0,0,0,0,0,1,53.5
499,Mepindolol,262.35,2.3,3,3,6,262.16812796,262.16812796,57.3,19,0,273,0,0,1,0,0,1,82.0
500,Mepivacaine,246.35,1.9,1,2,2,246.17321334,246.17321334,32.3,18,0,282,0,0,1,0,0,1,55.0
501,Meptazinol,233.35,3.4,1,2,2,233.17796437,233.17796437,23.5,17,0,243,0,0,1,0,0,1,9.0
502,Mercaptopurine,152.18,0.0,2,2,0,152.01566732,152.01566732,85.2,10,0,190,0,0,0,0,0,1,16.5
503,Meropenem,383.5,-2.4,3,7,5,383.15149209,383.15149209,136,26,0,679,0,0,6,0,0,1,0.0
504,Mesna,142.2,-0.6,2,4,2,141.9758364,141.9758364,63.8,7,0,118,0,0,0,0,0,1,62.0
505,Mesterolone,304.5,4.1,1,2,0,304.24023027,304.24023027,37.3,22,0,486,0,0,8,0,0,1,3.0
506,Metergoline,403.5,3.8,1,3,5,403.22597719,403.22597719,46.5,30,0,607,0,0,3,0,0,1,23.0
507,Metformin,129.16,-1.3,3,1,2,129.10144538,129.10144538,91.5,9,0,132,0,0,0,0,0,1,49.0
508,Methacycline,442.4,0.3,6,9,2,442.13761568,442.13761568,182,32,0,998,0,0,5,0,0,1,58.0
509,Methadone,309.4,3.9,0,2,7,309.20926449,309.20926449,20.3,23,0,346,0,0,1,0,0,1,92.0
510,Methadyl Acetate,353.5,4.3,0,3,9,353.23547924,353.23547924,29.5,26,0,404,0,0,2,0,0,1,47.0
511,Methamphetamine,149.23,2.1,1,1,3,149.12044949,149.12044949,12,11,0,95,0,0,1,0,0,1,68.5
512,Methapyrilene,261.39,2.6,0,4,6,261.1299688,261.1299688,47.6,18,0,235,0,0,0,0,0,1,20.0
513,Methimazole,114.17,-0.3,1,1,0,114.02516938,114.02516938,47.4,7,0,119,0,0,0,0,0,1,93.0
514,Methotrexate,454.4,-1.8,5,12,9,454.17131584,454.17131584,211,33,0,704,0,0,1,0,0,1,46.5
515,Methyldopa,211.21,-1.9,4,5,3,211.0844579,211.0844579,104,15,0,246,0,0,1,0,0,1,46.0
516,Methylergonovine,339.4,2.3,3,3,4,339.19467706,339.19467706,68.4,25,0,549,0,0,3,0,0,1,60.0
517,Methylphenidate,233.31,0.2,1,3,4,233.14157886,233.14157886,38.3,17,0,249,0,0,2,0,0,1,26.0
518,Methylphenobarbital,246.26,1.8,1,3,2,246.10044232,246.10044232,66.5,18,0,388,0,0,1,0,0,1,73.0
519,Methylprednisolone,374.5,1.9,3,5,2,374.20932407,374.20932407,94.8,27,0,754,0,0,8,0,0,1,82.0
520,Methyltestosterone,302.5,3.4,1,2,0,302.22458021,302.22458021,37.3,22,0,550,0,0,6,0,0,1,60.0
521,Methysergide,353.5,2.3,2,3,4,353.21032712,353.21032712,57.5,26,0,578,0,0,3,0,0,1,13.0
522,Meticillin,380.4,1.2,2,7,5,380.10420755,380.10420755,131,26,0,600,0,0,3,0,0,1,0.0
523,Metoclopramide,299.79,2.6,2,4,7,299.1400547,299.1400547,67.6,20,0,300,0,0,0,0,0,1,78.0
524,Metolazone,365.8,4.1,2,5,2,365.0600903,365.0600903,101,24,0,594,0,0,1,0,0,1,65.0
525,Metopimazine,445.6,3.1,1,6,6,445.14938409,445.14938409,117,30,0,703,0,0,0,0,0,1,20.0
526,Metoprolol,267.36,1.9,2,4,9,267.18344367,267.18344367,50.7,19,0,215,0,0,1,0,0,1,44.0
527,Metronidazole,171.15,0.0,1,4,2,171.06439116,171.06439116,83.9,12,0,170,0,0,0,0,0,1,89.5
528,Mexiletine,179.26,2.1,1,2,3,179.13101417,179.13101417,35.2,13,0,139,0,0,1,0,0,1,88.5
529,Mianserin,264.4,3.4,0,2,0,264.16264865,264.16264865,6.5,20,0,342,0,0,1,0,0,1,23.5
530,Mibefradil,495.6,5.8,1,6,12,495.28972026,495.28972026,67.4,36,0,709,0,0,2,0,0,1,72.5
531,Miconazole,416.1,5.3,0,2,6,415.983074,413.986024,27,25,0,417,0,0,1,0,0,1,25.0
532,Midazolam,325.8,2.5,0,3,1,325.0782033,325.0782033,30.2,23,0,471,0,0,0,0,0,1,42.0
533,Midodrine,254.28,-0.6,3,5,6,254.12665707,254.12665707,93.8,18,0,263,0,0,1,0,0,1,93.0
534,Miglitol,207.22,-2.6,5,6,3,207.11067265,207.11067265,104,14,0,179,0,0,4,0,0,1,60.0
535,Miglustat,219.28,-0.6,4,5,4,219.14705816,219.14705816,84.2,15,0,190,0,0,4,0,0,1,97.0
536,Milnacipran,246.35,1.4,1,2,5,246.17321334,246.17321334,46.3,18,0,295,0,0,2,0,0,1,84.5
537,Minocycline,457.5,-0.6,5,9,3,457.18490022,457.18490022,165,33,0,971,0,0,4,0,0,1,98.5
538,Minoxidil,209.25,1.2,3,3,1,209.12766013,209.12766013,88.9,15,0,329,0,0,0,0,0,1,95.0
539,Mirtazapine,265.35,3.3,0,3,0,265.15789763,265.15789763,19.4,20,0,345,0,0,1,0,0,1,50.0
540,Misoprostol,382.5,3.7,2,5,14,382.27192432,382.27192432,83.8,27,0,487,0,0,4,0,1,1,83.33333333333333
541,Mitotane,320.0,6.2,0,0,3,319.950711,317.953661,0,18,0,248,0,0,1,0,0,1,40.0
542,Mitoxantrone,444.5,1.0,8,10,12,444.20088464,444.20088464,163,32,0,571,0,0,0,0,0,1,0.0
543,Mivacurium,1029.3,8.7,0,14,30,1028.56095526,1028.56095526,145,74,2,1550,0,0,4,0,1,1,0.0
544,Mizolastine,432.5,3.2,1,5,5,432.20738762,432.20738762,65.8,32,0,728,0,0,0,0,0,1,65.0
545,Moclobemide,268.74,1.5,1,3,4,268.0978555,268.0978555,41.6,18,0,262,0,0,0,0,0,1,65.0
546,Modafinil,273.4,1.7,1,3,5,273.0823499,273.0823499,79.4,19,0,302,0,0,1,0,0,1,80.0
547,Moexipril,498.6,1.2,2,8,12,498.23660144,498.23660144,114,36,0,742,0,0,3,0,0,1,15.25
548,Molsidomine,243.24,1.0,1,6,4,243.10932998,243.10932998,80.7,17,1,259,0,0,0,0,0,1,52.25
549,Montelukast,586.2,7.7,2,5,12,585.2104429,585.2104429,95.7,41,0,891,0,0,1,0,1,1,65.0
550,Moricizine,427.5,3.0,1,6,6,427.15657747,427.15657747,96.4,30,0,601,0,0,0,0,0,1,37.0
551,Morphine,285.34,0.8,2,4,0,285.13649348,285.13649348,52.9,21,0,494,0,0,5,0,0,1,27.0
552,Moxifloxacin,401.4,0.6,2,8,4,401.17508443,401.17508443,82.1,29,0,727,0,0,2,0,0,1,86.0
553,Moxonidine,241.68,0.6,2,4,3,241.0730377,241.0730377,71.4,16,0,275,0,0,0,0,0,1,88.0
554,Nabilone,372.5,6.4,1,3,6,372.26644502,372.26644502,46.5,27,0,524,0,0,2,0,0,1,20.0
555,Nabumetone,228.29,3.1,0,2,4,228.11502976,228.11502976,26.3,17,0,262,0,0,0,0,0,1,35.0
556,N-ACETYLPROCAINAMIDE,277.36,0.7,2,3,7,277.17902699,277.17902699,61.4,20,0,308,0,0,0,0,0,1,83.0
557,Nadolol,309.4,0.7,4,5,6,309.19400835,309.19400835,82,22,0,344,0,0,3,0,0,1,30.0
558,NAFCILLIN,414.5,2.9,2,6,5,414.12494299,414.12494299,121,29,0,699,0,0,3,0,0,1,30.0
559,Nalbuphine,357.4,0.2,3,5,2,357.19400835,357.19400835,73.2,26,0,597,0,0,5,0,0,1,21.5
560,Nalidixic acid,232.23,1.4,1,5,2,232.08479225,232.08479225,70.5,17,0,378,0,0,0,0,0,1,96.0
561,Nalmefene,339.4,2.7,2,4,2,339.18344367,339.18344367,52.9,25,0,618,0,0,4,0,0,1,40.0
562,Naloxone,327.4,2.1,2,5,2,327.14705816,327.14705816,70,24,0,594,0,0,4,0,0,1,2.0
563,Naltrexone,341.4,1.9,2,5,2,341.16270822,341.16270822,70,25,0,621,0,0,4,0,0,1,22.25
564,Nandrolone,274.4,2.6,1,2,0,274.19328008,274.19328008,37.3,20,0,466,0,0,6,0,0,1,2.62
565,Naproxen,230.26,3.3,1,3,3,230.09429431,230.09429431,46.5,17,0,277,0,0,1,0,0,1,97.0
566,Naratriptan,335.5,2.0,2,4,5,335.16674823,335.16674823,73.6,23,0,483,0,0,0,0,0,1,71.5
567,Naringin,580.5,-0.5,8,14,6,580.17920571,580.17920571,225,41,0,884,0,0,11,0,0,1,20.0
568,Nateglinide,317.4,3.2,2,3,6,317.19909373,317.19909373,66.4,23,0,393,0,0,1,0,0,1,73.0
569,Nebivolol,405.4,3.0,3,7,6,405.17516461,405.17516461,71,29,0,483,0,0,4,0,0,1,50.0
570,Nedocromil,371.3,2.2,2,8,5,371.10050189,371.10050189,121,27,0,753,0,0,0,0,0,1,3.0
571,Nefazodone,470.0,4.3,0,5,10,469.224453,469.224453,51.6,33,0,649,0,0,0,0,0,1,20.0
572,Nefopam,253.34,2.9,0,2,1,253.14666424,253.14666424,12.5,19,0,274,0,0,1,0,0,1,36.0
573,Nelarabine,297.27,-0.7,4,9,3,297.1073186,297.1073186,149,21,0,377,0,0,4,0,0,1,11.0
574,Nelfinavir,567.8,5.7,4,6,10,567.31307812,567.31307812,127,40,0,830,0,0,5,0,0,1,50.0
575,Neomycin,614.6,-9.0,13,19,9,614.31228556,614.31228556,353,42,0,872,0,0,19,0,0,1,0.0
576,Neostigmine,223.29,1.5,0,2,3,223.14465286,223.14465286,29.5,16,1,246,0,0,0,0,0,1,2.0
577,Netilmicin,475.6,-4.2,8,12,8,475.30059868,475.30059868,200,33,0,673,0,0,11,0,0,1,0.0
578,Nevirapine,266.3,2.0,1,4,1,266.11676109,266.11676109,58.1,20,0,397,0,0,0,0,0,1,93.0
579,Nicainoprol,369.5,1.6,2,5,7,369.20524174,369.20524174,74.7,27,0,474,0,0,1,0,0,1,70.0
580,Nicardipine,479.5,3.8,1,8,10,479.20563567,479.20563567,114,35,0,856,0,0,1,0,0,1,23.0
581,Nicergoline,484.4,3.2,0,5,5,483.11575,483.11575,56.6,31,0,681,0,0,3,0,0,1,5.0
582,Nicorandil,211.17,0.8,1,5,4,211.05930578,211.05930578,97,15,0,228,0,0,0,0,0,1,76.25
583,Nicotine,162.23,1.2,0,2,1,162.11569846,162.11569846,16.1,12,0,147,0,0,1,0,0,1,30.0
584,Nifedipine,346.3,2.1,1,7,5,346.11648631,346.11648631,110,25,0,646,0,0,1,0,0,1,50.0
585,Nilotinib,529.5,4.9,2,9,6,529.18379285,529.18379285,97.6,39,0,817,0,0,0,0,0,1,30.0
586,Nilutamide,317.22,2.0,1,7,1,317.0623403,317.0623403,95.2,22,0,515,0,0,0,0,0,1,94.5
587,Nimodipine,418.4,3.1,1,8,9,418.17400118,418.17400118,120,30,0,736,0,0,1,0,0,1,12.0
588,Nisoldipine,388.4,3.3,1,7,7,388.1634365,388.1634365,110,28,0,704,0,0,1,0,0,1,5.5
589,Nitazoxanide,307.28,2.0,1,7,4,307.02629158,307.02629158,142,21,0,428,0,0,0,0,0,1,70.0
590,Nitisinone,329.23,2.3,0,8,2,329.05110691,329.05110691,97,23,0,524,0,0,0,0,0,1,90.0
591,Nitrazepam,281.27,2.2,1,4,1,281.08004123,281.08004123,87.3,21,0,452,0,0,0,0,0,1,75.5
592,Nitrendipine,360.4,2.9,1,7,6,360.13213637,360.13213637,110,26,0,661,0,0,1,0,0,1,50.0
593,Nitrofurantoin,238.16,-0.5,1,6,2,238.03381931,238.03381931,121,17,0,390,0,0,0,0,1,1,87.0
594,Nitroglycerin,227.09,1.6,0,9,5,227.00257875,227.00257875,165,15,0,219,0,0,0,0,0,1,1.0
595,Nizatidine,331.5,1.6,2,8,9,331.11366729,331.11366729,140,21,0,349,0,0,0,0,1,1,70.0
596,Nomifensine,238.33,2.6,1,2,1,238.14699859,238.14699859,29.3,18,0,272,0,0,1,0,0,1,27.0
597,Norepinephrine,169.18,-1.2,4,4,2,169.07389322,169.07389322,86.7,12,0,142,0,0,1,0,0,1,3.0
598,Norfenefrine,153.18,-0.8,3,3,2,153.0789786,153.0789786,66.5,11,0,119,0,0,1,0,0,1,5.0
599,Norfenfluramine,203.2,2.5,1,4,2,203.09218388,203.09218388,26,14,0,179,0,0,1,0,0,1,85.0
600,Norfloxacin,319.33,-1.0,2,7,3,319.13321962,319.13321962,72.9,23,0,519,0,0,0,0,0,1,35.0
601,Nortilidine,259.34,3.1,1,3,5,259.15722892,259.15722892,38.3,19,0,334,0,0,2,0,0,1,99.0
602,NORTRIPTYLINE,263.4,4.5,1,1,3,263.16739968,263.16739968,12,20,0,307,0,0,0,0,0,1,51.0
603,Norzimelidine,303.2,3.4,1,2,4,302.04186,302.04186,24.9,18,0,270,0,0,0,0,1,1,66.0
604,Noscapine,413.4,2.7,0,8,4,413.14745208,413.14745208,75.7,30,0,647,0,0,2,0,0,1,30.0
605,Novobiocin,612.6,3.3,5,11,9,612.23190999,612.23190999,196,44,0,1150,0,0,4,0,0,1,0.0
606,Nystatin,926.1,-0.2,12,18,3,925.50349996,925.50349996,320,65,0,1620,0,0,19,0,6,1,0.0
607,octreotide,1019.2,1.0,13,14,17,1018.44048072,1018.44048072,383,71,0,1740,0,0,10,0,0,1,2.0
608,Olanzapine,312.4,2.9,1,4,1,312.14086784,312.14086784,59.1,22,0,432,0,0,0,0,0,1,60.833333333333336
609,Olmesartan,558.6,3.8,2,10,11,558.22268271,558.22268271,154,41,0,969,0,0,0,0,0,1,26.666666666666668
610,Olsalazine,302.24,3.1,4,8,4,302.05388605,302.05388605,140,22,0,415,0,0,0,0,0,1,2.0
611,Ondansetron,293.4,2.3,0,2,2,293.15281225,293.15281225,39.8,22,0,440,0,0,1,0,0,1,61.0
612,Orlistat,495.7,10.0,1,5,23,495.39237381,495.39237381,81.7,35,0,579,0,0,4,0,0,1,0.0
613,Orphenadrine,269.4,3.8,0,2,6,269.17796437,269.17796437,12.5,20,0,260,0,0,1,0,0,1,90.0
614,Oseltamivir,312.4,1.1,2,5,8,312.20490739,312.20490739,90.6,22,0,418,0,0,3,0,0,1,77.5
615,Oseltamivir acid,284.35,-1.9,3,5,6,284.17360726,284.17360726,102,20,0,391,0,0,3,0,0,1,79.0
616,Ouabain,584.7,-1.7,8,12,4,584.28327685,584.28327685,207,41,0,1080,0,0,15,0,0,1,1.0
617,OXACILLIN,401.4,2.4,2,7,4,401.1045419,401.1045419,138,28,0,681,0,0,3,0,0,1,33.0
618,Oxalic_acid,90.03,-0.3,2,4,1,89.995308543,89.995308543,74.6,6,0,71.5,0,0,0,0,0,1,7.0
619,Oxandrolone,306.4,3.7,1,3,0,306.21949483,306.21949483,46.5,22,0,503,0,0,7,0,0,1,97.0
620,Oxaprozin,293.3,4.2,1,4,5,293.10519335,293.10519335,63.3,22,0,361,0,0,0,0,0,1,96.5
621,Oxazepam,286.71,2.2,2,3,1,286.0509053,286.0509053,61.7,20,0,407,0,0,1,0,0,1,96.25
622,Oxcarbazepine,252.27,1.7,1,2,0,252.08987763,252.08987763,63.4,19,0,382,0,0,0,0,0,1,95.0
623,Oxiracetam,158.16,-2.2,2,3,2,158.06914219,158.06914219,83.6,11,0,192,0,0,1,0,0,1,72.0
624,Oxitropium,332.4,1.7,1,4,6,332.18618332,332.18618332,59.1,24,1,472,0,0,5,0,0,1,1.0
625,Oxprenolol,265.35,2.1,2,4,9,265.1677936,265.1677936,50.7,19,0,246,0,0,1,0,0,1,44.5
626,Oxycodone,315.4,1.2,1,5,1,315.14705816,315.14705816,59,23,0,553,0,0,4,0,0,1,57.75
627,Oxyfedrine,313.4,2.4,2,4,8,313.1677936,313.1677936,58.6,23,0,355,0,0,2,0,0,1,85.0
628,Oxymetazoline,260.37,2.9,2,2,3,260.1888634,260.1888634,44.6,19,0,345,0,0,0,0,0,1,11.0
629,Oxymorphone,301.34,0.8,2,5,0,301.1314081,301.1314081,70,22,0,539,0,0,4,0,0,1,10.0
630,Oxytetracycline,460.4,-1.6,7,10,2,460.14818036,460.14818036,202,33,0,1000,0,0,6,0,0,1,58.0
631,Paclitaxel,853.9,2.5,4,14,14,853.33095532,853.33095532,221,62,0,1790,0,0,11,0,0,1,6.5
632,Paliperidone,426.5,2.2,1,7,4,426.20671891,426.20671891,82.2,31,0,764,0,0,1,0,0,1,28.0
633,Palonosetron,296.4,2.8,0,2,1,296.1888634,296.1888634,23.6,22,0,456,0,0,2,0,0,1,97.0
634,Pamidronate,235.07,-6.9,6,8,4,235.00107569,235.00107569,161,13,0,243,0,0,0,0,0,1,1.0
635,Pancuronium,572.9,6.6,0,4,6,572.45530842,572.45530842,52.6,41,2,1000,0,0,10,0,0,1,0.0
636,Paricalcitol,416.6,5.0,3,3,5,416.32904528,416.32904528,60.7,30,0,676,0,0,7,0,2,1,72.0
637,Paromomycin,615.6,-8.7,13,19,9,615.29630115,615.29630115,347,42,0,870,0,0,19,0,0,1,2.0
638,Paroxetine,329.4,3.5,1,5,4,329.14272167,329.14272167,39.7,24,0,402,0,0,2,0,0,1,50.0
639,Pefloxacin,333.36,0.3,1,7,3,333.14886968,333.14886968,64.1,24,0,545,0,0,0,0,0,1,95.0
640,Penbutolol,291.4,4.2,2,3,7,291.21982918,291.21982918,41.5,21,0,294,0,0,1,0,0,1,93.0
641,Penciclovir,253.26,-1.9,4,5,5,253.11748936,253.11748936,126,18,0,344,0,0,0,0,0,1,1.5
642,Penclomedine,325.4,4.0,0,3,2,324.881167,322.884117,31.4,16,0,237,0,0,0,0,0,1,49.0
643,Penicillamine,149.21,-1.8,3,4,2,149.05104977,149.05104977,64.3,9,0,124,0,0,1,0,0,1,50.0
644,Penicillin_G,334.4,1.8,2,5,4,334.09872824,334.09872824,112,23,0,530,0,0,3,0,0,1,30.0
645,Pentaerythritol Tetranitrate,316.14,1.4,0,12,8,316.01387171,316.01387171,220,21,0,311,0,0,0,0,0,1,60.0
646,pentamidine,340.4,2.6,4,4,10,340.18992603,340.18992603,118,25,0,376,0,0,0,0,0,1,0.0
647,Pentazocine,285.4,3.3,1,2,2,285.20926449,285.20926449,23.5,21,0,414,0,0,3,0,0,1,19.0
648,Pentobarbital,226.27,2.1,2,3,4,226.13174245,226.13174245,75.3,16,0,305,0,0,1,0,0,1,80.0
649,Pentopril,333.4,2.6,1,5,7,333.15762284,333.15762284,83.9,24,0,492,0,0,3,0,0,1,58.0
650,Pentosan,414.36,-5.6,8,13,4,414.13734089,414.13734089,208,28,0,508,0,0,12,0,0,1,3.0
651,Pentosan Polysulfate,602.5,-5.6,6,21,10,601.92234229,601.92234229,356,35,0,1140,0,0,8,0,0,1,3.0
652,Pentoxifylline,278.31,0.3,0,4,5,278.13789046,278.13789046,75.5,20,0,426,0,0,0,0,0,1,22.5
653,Pergolide,314.5,4.2,1,2,4,314.18167002,314.18167002,44.3,22,0,388,0,0,3,0,0,1,38.0
654,Perhexiline,277.5,6.8,1,1,4,277.27695013,277.27695013,12,20,0,245,0,0,1,0,0,1,73.5
655,Perindopril,368.5,0.9,2,6,9,368.23112214,368.23112214,95.9,26,0,524,0,0,5,0,0,1,70.0
656,Perindoprilat,340.4,0.2,3,6,7,340.19982201,340.19982201,107,24,0,495,0,0,5,0,0,1,25.0
657,Permethrin,391.3,6.5,0,3,7,390.0789499,390.0789499,35.5,26,0,521,0,0,2,0,0,1,60.0
658,Perphenazine,404.0,4.2,1,5,6,403.1485113,403.1485113,55.2,27,0,463,0,0,0,0,0,1,40.0
659,Phenacetin,179.22,1.6,1,2,3,179.09462866,179.09462866,38.3,13,0,162,0,0,0,0,0,1,25.0
660,Phencyclidine,243.4,3.6,0,1,2,243.19869981,243.19869981,3.2,18,0,242,0,0,0,0,0,1,72.0
661,Phenformin,205.26,-0.8,3,1,4,205.13274551,205.13274551,103,15,0,236,0,0,0,0,0,1,55.0
662,Phenindione,222.24,2.9,0,2,1,222.068079562,222.068079562,34.1,17,0,304,0,0,0,0,0,1,97.0
663,Pheniramine,240.34,2.8,0,2,5,240.16264865,240.16264865,16.1,18,0,221,0,0,1,0,0,1,99.0
664,Phenobarbital,232.23,1.5,2,3,2,232.08479225,232.08479225,75.3,17,0,339,0,0,0,0,0,1,97.0
665,Phenoperidine,367.5,3.7,1,4,8,367.2147438,367.2147438,49.8,27,0,447,0,0,1,0,0,1,20.0
666,Phenoxybenzamine,303.8,4.4,0,2,8,303.138992,303.138992,12.5,21,0,262,0,0,1,0,0,1,25.0
667,Phenylbutyrate,164.2,2.4,1,2,4,164.08372963,164.08372963,37.3,12,0,137,0,0,0,0,0,1,78.0
668,Phenylephrine,167.2,-0.3,3,3,3,167.09462866,167.09462866,52.5,12,0,130,0,0,1,0,0,1,36.5
669,phenylpropanolamine,151.21,0.8,2,2,2,151.09971404,151.09971404,46.2,11,0,110,0,0,2,0,0,1,95.0
670,Physostigmine,275.35,0.7,1,4,2,275.16337693,275.16337693,44.8,20,0,403,0,0,2,0,0,1,10.0
671,Pimecrolimus,810.4,3.8,2,11,6,809.4480897,809.4480897,158,56,0,1440,0,0,14,0,2,1,0.0
672,Pimexone,323.4,3.6,0,4,3,323.15214354,323.15214354,38.8,24,0,448,0,0,0,0,0,1,65.0
673,Pimozide,461.5,6.3,1,4,7,461.22786889,461.22786889,35.6,34,0,632,0,0,0,0,0,1,42.5
674,Pindolol,248.32,1.8,3,3,6,248.15247789,248.15247789,57.3,18,0,248,0,0,1,0,0,1,80.25
675,Pioglitazone,356.4,3.8,1,5,7,356.11946369,356.11946369,93.6,25,0,466,0,0,1,0,0,1,83.0
676,Pipemidic_acid,303.32,-2.1,2,8,3,303.13313943,303.13313943,98.7,22,0,489,0,0,0,0,0,1,93.0
677,Piperacillin,517.6,0.5,3,8,6,517.1631194,517.1631194,182,36,0,982,0,0,4,0,0,1,0.0
678,Pipotiazine,475.7,3.5,1,7,8,475.19633428,475.19633428,97.8,32,0,691,0,0,0,0,0,1,26.0
679,Pirazolac,330.7,3.7,1,4,4,330.0571335,330.0571335,55.1,23,0,409,0,0,0,0,0,1,93.5
680,Pirenzepine,351.4,0.1,1,5,2,351.16952494,351.16952494,68.8,26,0,534,0,0,0,0,0,1,14.0
681,Piretanide,362.4,2.2,2,7,5,362.09364286,362.09364286,118,25,0,564,0,0,0,0,0,1,91.0
682,Pirmenol,338.5,4.0,1,3,6,338.2358136,338.2358136,36.4,25,0,386,0,0,3,0,0,1,83.0
683,Piroxicam,331.3,3.1,2,6,2,331.06267709,331.06267709,108,23,0,611,0,0,0,0,0,1,99.0
684,Piroximone,217.22,0.4,2,3,3,217.08512661,217.08512661,71.1,16,0,343,0,0,0,0,0,1,81.0
685,Pivampicillin,463.5,2.9,2,8,9,463.17770684,463.17770684,153,32,0,774,0,0,4,0,0,1,30.9
686,Pizotyline,295.4,3.8,0,2,0,295.13947086,295.13947086,31.5,21,0,406,0,0,0,0,0,1,78.0
687,Porfimer,1179.4,5.2,10,15,18,1178.54770524,1178.54770524,314,87,0,2360,0,0,4,0,0,1,0.0
688,Posaconazole,700.8,4.6,1,11,12,700.32970819,700.32970819,112,51,0,1170,0,0,4,0,0,1,78.66666666666667
689,Practolol,266.34,0.8,3,4,7,266.16304258,266.16304258,70.6,19,0,263,0,0,1,0,0,1,99.0
690,Pramipexole,211.33,1.9,2,4,3,211.11431874,211.11431874,79.2,14,0,188,0,0,1,0,0,1,91.5
691,Pravastatin,424.5,1.6,4,7,11,424.2461035,424.2461035,124,30,0,656,0,0,8,0,0,1,18.0
692,Praziquantel,312.4,2.7,0,2,1,312.18377802,312.18377802,40.6,23,0,472,0,0,1,0,0,1,7.0
693,Prazosin,383.4,2.0,1,8,4,383.15935418,383.15935418,107,28,0,544,0,0,0,0,0,1,64.0
694,Prednisolone,360.4,1.6,3,5,2,360.193674,360.193674,94.8,26,0,724,0,0,7,0,0,1,82.0
695,Prednisolone phosphate,440.4,0.0,4,8,4,440.16000489,440.16000489,141,30,0,889,0,0,7,0,0,1,82.0
696,Prednisone,358.4,1.5,2,5,2,358.17802394,358.17802394,91.7,26,0,764,0,0,6,0,0,1,70.0
697,Pregabalin,159.23,-1.6,2,3,5,159.12592879,159.12592879,63.3,11,0,123,0,0,1,0,0,1,90.0
698,Prenalterol,225.28,1.4,3,4,6,225.13649348,225.13649348,61.7,16,0,179,0,0,1,0,0,1,33.0
699,Primaquine,259.35,2.2,2,4,6,259.16846231,259.16846231,60.2,19,0,262,0,0,1,0,0,1,96.0
700,Primidone,218.25,0.9,2,2,2,218.1055277,218.1055277,58.2,16,0,279,0,0,0,0,0,1,96.0
701,Probenecid,285.36,3.2,1,5,7,285.10347927,285.10347927,83.1,19,0,374,0,0,0,0,0,1,99.0
702,Probucol,516.8,11.3,2,4,8,516.30957314,516.30957314,91.1,35,0,583,0,0,0,0,0,1,5.0
703,Procainamide,235.33,0.9,2,3,6,235.16846231,235.16846231,58.4,17,0,221,0,0,0,0,0,1,84.0
704,Procaine,236.31,1.9,1,4,7,236.15247789,236.15247789,55.6,17,0,222,0,0,0,0,0,1,0.0
705,Procaterol,290.36,1.5,4,4,5,290.16304258,290.16304258,81.6,21,0,397,0,0,2,0,0,1,40.0
706,Prochlorperazine,373.9,4.9,0,4,4,373.1379467,373.1379467,35,25,0,429,0,0,0,0,0,1,15.0
707,Progabide,334.8,3.0,2,4,6,334.0884336,334.0884336,75.7,23,0,425,0,0,0,0,0,1,60.0
708,Progesterone,314.5,3.9,0,2,1,314.22458021,314.22458021,34.1,23,0,589,0,0,6,0,0,1,25.0
709,Proguanil,253.73,1.5,3,1,4,253.1094232,253.1094232,88.8,17,0,292,0,0,0,0,1,1,60.0
710,Promazine,284.4,4.5,0,3,4,284.13471983,284.13471983,31.8,20,0,285,0,0,0,0,0,1,16.25
711,Promethazine,284.4,4.8,0,3,3,284.13471983,284.13471983,31.8,20,0,298,0,0,1,0,0,1,25.0
712,Propafenone,341.4,3.3,2,4,11,341.19909373,341.19909373,58.6,25,0,368,0,0,1,0,0,1,12.0
713,Propiomazine,340.5,4.8,0,4,5,340.16093458,340.16093458,48.8,24,0,441,0,0,1,0,0,1,33.0
714,Propranolol,259.34,3.0,2,3,6,259.15722892,259.15722892,41.5,19,0,257,0,0,1,0,0,1,26.0
715,Propylthiouracil,170.23,0.8,2,2,2,170.05138413,170.05138413,73.2,11,0,223,0,0,0,0,0,1,86.25
716,Proquazone,278.3,3.0,0,1,2,278.14191321,278.14191321,32.7,21,0,423,0,0,0,0,0,1,7.0
717,Proscillaridin,530.6,1.9,4,8,3,530.28796831,530.28796831,126,38,0,1070,0,0,12,0,0,1,7.0
718,Prothionamide,180.27,1.5,1,2,3,180.07211957,180.07211957,71,12,0,159,0,0,0,0,0,1,99.0
719,Protriptyline,263.4,4.4,1,1,4,263.16739968,263.16739968,12,20,0,296,0,0,0,0,0,1,85.0
720,Proxyphylline,238.24,-0.8,1,4,2,238.10659033,238.10659033,78.7,17,0,348,0,0,1,0,0,1,99.0
721,Pyrazinamide,123.11,-0.6,1,3,1,123.043261794,123.043261794,68.9,9,0,115,0,0,0,0,0,1,90.0
722,Pyridostigmine,181.21,0.7,0,2,2,181.09770267,181.09770267,33.4,13,1,183,0,0,0,0,0,1,7.6
723,Pyrimethamine,248.71,2.7,2,4,2,248.0828741,248.0828741,77.8,17,0,243,0,0,0,0,0,1,90.0
724,Pyrvinium,382.5,5.9,0,1,4,382.22832292,382.22832292,12,29,1,552,0,0,0,0,1,1,5.0
725,Quazepam,386.8,4.0,0,6,2,386.0267599,386.0267599,47.7,25,0,539,0,0,0,0,0,1,32.0
726,Quetiapine,383.5,2.1,1,5,6,383.16674823,383.16674823,73.6,27,0,496,0,0,0,0,0,1,100.0
727,Quinagolide,395.6,3.1,2,6,7,395.22426311,395.22426311,81.3,27,0,576,0,0,3,0,0,1,99.0
728,Quinapril,438.5,1.1,2,6,10,438.21547207,438.21547207,95.9,32,0,648,0,0,3,0,0,1,60.0
729,Quinidine,324.4,2.9,1,4,4,324.18377802,324.18377802,45.6,24,0,457,0,0,4,0,0,1,76.25
730,Rabeprazole,359.4,1.9,1,6,8,359.13036272,359.13036272,96.3,25,0,440,0,0,1,0,0,1,52.0
731,Raffinose,504.4,-5.8,11,16,8,504.16903495,504.16903495,269,34,0,655,0,0,14,0,0,1,0.0
732,Raloxifene,473.6,6.1,2,6,7,473.16607953,473.16607953,98.2,34,0,655,0,0,0,0,0,1,2.0
733,Raltegravir,444.4,1.1,3,9,6,444.15574596,444.15574596,150,32,0,836,0,0,0,0,0,1,45.9
734,Raltitrexed,458.5,1.4,4,9,9,458.12600562,458.12600562,177,32,0,790,0,0,1,0,0,1,15.0
735,Ramelteon,259.34,2.7,1,2,4,259.15722892,259.15722892,38.3,19,0,331,0,0,1,0,0,1,1.8
736,Ramipril,416.5,1.4,2,6,10,416.23112214,416.23112214,95.9,30,0,619,0,0,5,0,0,1,33.333333333333336
737,Ramiprilat,388.5,0.7,3,6,8,388.19982201,388.19982201,107,28,0,589,0,0,5,0,0,1,44.0
738,Ranitidine,314.41,0.3,2,7,9,314.14126176,314.14126176,112,21,0,347,0,0,0,0,1,1,51.0
739,Ranolazine,427.5,2.7,2,6,9,427.24710656,427.24710656,74.3,31,0,531,0,0,1,0,0,1,42.5
740,Reboxetine,313.4,3.0,1,4,6,313.1677936,313.1677936,39.7,23,0,333,0,0,2,0,0,1,94.0
741,Recainam,263.38,2.4,3,2,6,263.19976244,263.19976244,53.2,19,0,258,0,0,0,0,0,1,73.0
742,Remikiren,630.8,4.0,5,7,16,630.34510652,630.34510652,170,44,0,1030,0,0,5,0,0,1,1.0
743,Remoxipride,371.27,2.1,1,4,6,370.08921,370.08921,50.8,22,0,369,0,0,1,0,0,1,93.0
744,Repaglinide,452.6,5.2,2,5,10,452.26750765,452.26750765,78.9,33,0,619,0,0,1,0,0,1,56.0
745,Reproterol,389.4,-0.5,4,7,7,389.16991886,389.16991886,131,28,0,569,0,0,1,0,0,1,50.0
746,Ribavirin,244.2,-1.8,4,7,3,244.0807695,244.0807695,144,17,0,304,0,0,4,0,0,1,62.0
747,Rifabutin,847.0,5.6,5,14,5,846.44150883,846.44150883,209,61,0,1880,0,0,9,0,3,1,20.0
748,Rifampin,822.9,4.9,6,15,5,822.40512332,822.40512332,220,59,0,1620,0,0,9,0,4,1,81.25
749,Rifapentine,877.0,6.7,6,15,6,876.45207352,876.45207352,220,63,0,1730,0,0,9,0,4,1,70.0
750,Rifaximin,785.9,6.9,5,12,3,785.35235947,785.35235947,198,57,0,1590,0,0,9,0,3,1,0.0
751,Riluzole,234.2,3.6,1,7,1,234.00746845,234.00746845,76.4,15,0,238,0,0,0,0,0,1,62.0
752,Risedronate,283.11,-3.1,5,8,4,283.00107569,283.00107569,148,17,0,339,0,0,0,0,0,1,0.815
753,Risperidone,410.5,2.7,0,6,4,410.21180429,410.21180429,61.9,30,0,731,0,0,0,0,0,1,68.0
754,Ritodrine,287.35,2.3,4,4,6,287.15214354,287.15214354,72.7,21,0,284,0,0,2,0,0,1,30.0
755,Ritonavir,720.9,6.0,4,9,18,720.31276102,720.31276102,202,50,0,1040,0,0,4,0,0,1,70.0
756,Rivastigmine,250.34,2.3,0,3,5,250.16812796,250.16812796,32.8,18,0,269,0,0,1,0,0,1,69.0
757,Rizatriptan,269.34,1.7,1,3,5,269.16404563,269.16404563,49.7,20,0,309,0,0,0,0,0,1,45.0
758,Rofecoxib,314.4,2.3,0,4,3,314.0612801,314.0612801,68.8,22,0,556,0,0,0,0,0,1,93.0
759,Rolipram,275.34,2.2,1,3,4,275.15214354,275.15214354,47.6,20,0,341,0,0,1,0,0,1,75.0
760,Ropinirole,260.37,2.7,1,2,7,260.1888634,260.1888634,32.3,19,0,287,0,0,0,0,0,1,52.5
761,Roquinimex,308.3,2.7,1,3,2,308.11609238,308.11609238,60.8,23,0,522,0,0,0,0,0,1,99.0
762,Rosaramicin,581.7,2.3,2,10,6,581.35638223,581.35638223,135,41,0,941,0,0,13,0,1,1,32.0
763,Rosiglitazone,357.4,3.1,1,6,7,357.11471266,357.11471266,96.8,25,0,469,0,0,1,0,0,1,99.0
764,Rosuvastatin,481.5,1.6,3,10,10,481.16828497,481.16828497,149,33,0,767,0,0,2,0,1,1,20.0
765,Roxithromycin,837.0,3.1,5,17,13,836.52456975,836.52456975,217,58,0,1310,0,0,18,0,1,1,50.0
766,Rufinamide,238.19,0.7,1,5,3,238.06661722,238.06661722,73.8,17,0,282,0,0,0,0,0,1,85.0
767,Saccharin,183.19,0.9,1,3,0,182.9990142,182.9990142,71.6,12,0,303,0,0,0,0,0,1,84.0
768,Salicylic Acid,138.12,2.3,2,3,1,138.031694052,138.031694052,57.5,10,0,133,0,0,0,0,0,1,99.0
769,Scopolamine,303.35,0.9,1,5,5,303.14705816,303.14705816,62.3,22,0,418,0,0,5,0,0,1,27.0
770,Sematilide,313.42,0.5,2,5,8,313.14601279,313.14601279,86.9,21,0,408,0,0,0,0,0,1,61.3
771,Sertaconazole,437.8,6.3,0,3,6,435.997067,435.997067,55.3,27,0,488,0,0,1,0,0,1,0.0
772,Sertindole,440.9,4.1,1,3,5,440.1779173,440.1779173,40.5,31,0,623,0,0,0,0,0,1,74.5
773,Sertraline,306.2,4.8,1,1,2,305.0738049,305.0738049,12,20,0,322,0,0,2,0,0,1,44.0
774,Sildenafil,474.6,1.5,1,8,7,474.20492465,474.20492465,118,33,0,838,0,0,0,0,0,1,39.5
775,Silodosin,495.5,3.6,3,9,13,495.23449101,495.23449101,97,35,0,654,0,0,1,0,0,1,32.0
776,Simvastatin,418.6,4.7,1,5,7,418.27192432,418.27192432,72.8,30,0,706,0,0,7,0,0,1,4.333333333333333
777,Sirolimus,914.2,6.0,3,13,6,913.55514161,913.55514161,195,65,0,1760,0,0,15,0,4,1,15.0
778,Sitafloxacin,409.8,0.7,2,8,3,409.1004755,409.1004755,86.9,28,0,761,0,0,3,0,0,1,89.0
779,Sitagliptin,407.31,0.7,1,10,4,407.1180791,407.1180791,77,28,0,566,0,0,1,0,0,1,87.0
780,Solifenacin,362.5,4.0,0,3,3,362.19942809,362.19942809,32.8,27,0,525,0,0,2,0,0,1,90.0
781,Sorafenib,464.8,4.1,3,7,5,464.0863026,464.0863026,92.4,32,0,646,0,0,0,0,0,1,41.0
782,Sotalol,272.37,0.2,3,5,6,272.11946369,272.11946369,86.8,18,0,330,0,0,1,0,0,1,95.0
783,Sparfloxacin,392.4,0.1,3,9,3,392.16599691,392.16599691,98.9,28,0,691,0,0,2,0,0,1,92.0
784,Spiramycin,843.1,2.1,4,16,11,842.51400507,842.51400507,195,59,0,1370,0,0,19,0,2,1,35.0
785,Spironolactone,416.6,2.9,0,5,2,416.20213068,416.20213068,85.7,29,0,818,0,0,7,0,0,1,74.0
786,Stavudine,224.21,-0.8,2,4,2,224.07970687,224.07970687,78.9,16,0,388,0,0,2,0,0,1,81.0
787,Streptomycin,581.6,-8.0,12,15,9,581.26566972,581.26566972,336,40,0,940,0,0,15,0,0,1,0.0
788,Streptozocin,265.22,-1.4,5,8,2,265.09099983,265.09099983,152,18,0,315,0,0,5,0,0,1,21.0
789,Succimer,182.2,0.1,4,6,3,181.97075102,181.97075102,76.6,10,0,139,0,0,2,0,0,1,20.0
790,Succinylcholine,290.4,0.6,0,4,11,290.22055745,290.22055745,52.6,20,2,284,0,0,0,0,0,1,0.0
791,Sufentanil,386.6,4.0,0,4,8,386.20279939,386.20279939,61,27,0,459,0,0,0,0,0,1,0.0
792,Sulfadiazine,250.28,-0.1,2,6,3,250.05244675,250.05244675,106,17,0,327,0,0,0,0,0,1,90.0
793,Sulfadimethoxine,310.33,1.6,2,8,5,310.07357612,310.07357612,125,21,0,420,0,0,0,0,0,1,58.299999
794,Sulfamerazine,264.31,0.1,2,6,3,264.06809682,264.06809682,106,18,0,360,0,0,0,0,0,1,81.0
795,Sulfamethazine,278.33,0.3,2,6,3,278.08374688,278.08374688,106,19,0,377,0,0,0,0,0,1,86.5
796,Sulfamethoxazole,253.28,0.9,2,6,3,253.0521124,253.0521124,107,17,0,346,0,0,0,0,0,1,99.0
797,Sulfasalazine,398.4,-0.7,3,9,6,398.06849074,398.06849074,150,28,0,657,0,0,0,0,0,1,15.0
798,Sulfinpyrazone,404.5,2.3,0,4,6,404.11946369,404.11946369,76.9,29,0,571,0,0,1,0,0,1,99.0
799,Sulfisoxazole,267.31,1.0,2,6,3,267.06776247,267.06776247,107,18,0,374,0,0,0,0,0,1,96.0
800,Sulindac,356.4,3.4,1,5,4,356.08824374,356.08824374,73.6,25,0,616,0,0,1,0,1,1,89.0
801,Sumatriptan,295.4,0.9,2,4,6,295.1354481,295.1354481,73.6,20,0,405,0,0,0,0,0,1,14.5
802,Sunitinib,398.5,2.6,3,4,7,398.21180429,398.21180429,77.2,29,0,636,0,0,0,0,1,1,54.5
803,Suprofen,260.31,3.3,1,4,4,260.05071542,260.05071542,82.6,18,0,321,0,0,1,0,0,1,92.0
804,Suramin,1297.3,1.5,12,23,16,1296.0469086,1296.0469086,534,86,0,3020,0,0,0,0,0,1,0.0
805,Tacrine,198.26,2.7,1,2,0,198.11569846,198.11569846,38.9,15,0,229,0,0,0,0,0,1,17.0
806,Tacrolimus,804.0,2.7,3,12,7,803.48197666,803.48197666,178,57,0,1480,0,0,14,0,2,1,18.0
807,Tadalafil,389.4,2.3,1,4,1,389.1375561,389.1375561,74.9,29,0,702,0,0,2,0,0,1,80.0
808,Talinolol,363.5,2.6,4,4,8,363.25219194,363.25219194,82.6,26,0,411,0,0,1,0,0,1,55.0
809,Tamsulosin,408.5,2.7,2,7,11,408.17189318,408.17189318,108,28,0,539,0,0,1,0,0,1,99.66666666666667
810,Tasosartan,411.5,3.0,1,6,4,411.18075833,411.18075833,101,31,0,625,0,0,0,0,0,1,50.0
811,Tegaserod,301.39,2.6,3,3,8,301.19026038,301.19026038,87.8,22,0,385,0,0,0,0,1,1,10.5
812,Telbivudine,242.23,-1.2,3,5,2,242.09027156,242.09027156,99.1,17,0,381,0,0,3,0,0,1,68.0
813,Telenzepine,370.5,1.7,1,5,2,370.14634714,370.14634714,84.1,26,0,552,0,0,0,0,0,1,54.0
814,Telithromycin,812.0,4.2,1,13,11,811.47314331,811.47314331,172,58,0,1440,0,0,13,0,0,1,57.0
815,Telmisartan,514.6,6.9,1,4,7,514.23687622,514.23687622,72.9,39,0,831,0,0,0,0,0,1,53.666666666666664
816,Temafloxacin,417.4,0.6,2,9,3,417.13002594,417.13002594,72.9,30,0,721,0,0,1,0,0,1,95.0
817,Temazepam,300.74,2.2,1,3,1,300.0665554,300.0665554,52.9,21,0,434,0,0,1,0,0,1,93.5
818,Temozolomide,194.15,-0.6,2,5,1,194.05522346,194.05522346,117,14,0,315,0,0,0,0,0,1,98.0
819,Teniposide,656.7,1.2,3,14,6,656.15636226,656.15636226,189,46,0,1090,0,0,10,0,0,1,41.0
820,Tenofovir,287.21,-1.6,3,8,5,287.07834095,287.07834095,136,19,0,354,0,0,1,0,0,1,25.0
821,Tenoxicam,337.4,1.1,2,7,2,337.0190982,337.0190982,136,22,0,599,0,0,0,0,0,1,99.0
822,Terazosin,387.4,1.4,1,8,4,387.19065431,387.19065431,103,28,0,544,0,0,1,0,0,1,90.0
823,Terbutaline,225.28,0.9,4,4,4,225.13649348,225.13649348,72.7,16,0,205,0,0,1,0,0,1,14.0
824,Terfenadine,471.7,6.6,2,3,9,471.31372957,471.31372957,43.7,35,0,582,0,0,1,0,0,1,1.0
825,Terguride,340.5,2.5,2,2,3,340.22631154,340.22631154,51.4,25,0,494,0,0,3,0,0,1,30.0
826,Terodiline,281.4,5.0,1,1,6,281.21434987,281.21434987,12,21,0,261,0,0,1,0,0,1,82.0
827,Tertatolol,295.4,2.7,2,4,6,295.16060022,295.16060022,66.8,20,0,293,0,0,1,0,0,1,60.0
828,Tesaglitazar,408.5,3.5,1,7,11,408.12427429,408.12427429,108,28,0,556,0,0,1,0,0,1,99.0
829,Testosterone,288.4,3.3,1,2,0,288.20893014,288.20893014,37.3,21,0,508,0,0,6,0,0,1,4.0
830,Tetrabenazine,317.4,2.9,0,4,4,317.19909373,317.19909373,38.8,23,0,425,0,0,2,0,0,1,5.0
831,Tetracycline,444.4,-2.0,6,9,2,444.15326574,444.15326574,182,32,0,971,0,0,5,0,0,1,78.5
832,Thiamine,265.36,1.0,2,5,4,265.11230736,265.11230736,104,18,1,269,0,0,0,0,0,1,4.5
833,Thiocyanate,185.25,4.3,0,2,1,185.0299204,185.0299204,44.4,13,0,220,0,0,0,0,0,1,99.0
834,Thioguanine,167.19,-0.1,3,2,0,167.02656636,167.02656636,111,11,0,225,0,0,0,0,0,1,30.0
835,Thioridazine,370.6,5.9,0,4,4,370.1537412,370.1537412,57.1,25,0,432,0,0,1,0,0,1,40.0
836,Tiagabine,375.6,2.7,1,5,6,375.1326714,375.1326714,97,25,0,474,0,0,1,0,0,1,91.25
837,Tianeptine,437.0,1.2,2,6,8,436.1223562,436.1223562,95.1,29,0,654,0,0,1,0,0,1,99.0
838,Tiapamil,555.7,3.1,0,9,12,555.1960595,555.1960595,125,37,0,880,0,0,0,0,0,1,42.5
839,Tiaprofenic Acid,260.31,3.3,1,4,4,260.05071542,260.05071542,82.6,18,0,323,0,0,1,0,0,1,90.0
840,Ticarcillin,384.4,0.8,3,8,5,384.04497859,384.04497859,178,25,0,640,0,0,4,0,0,1,0.0
841,Ticlopidine,263.8,3.6,0,2,2,263.0535483,263.0535483,31.5,17,0,261,0,0,0,0,0,1,80.0
842,Tigecycline,585.6,1.1,7,11,7,585.27986324,585.27986324,206,42,0,1240,0,0,4,0,0,1,0.0
843,Tilidine,273.37,3.1,0,3,5,273.17287899,273.17287899,29.5,20,0,358,0,0,2,0,0,1,6.8
844,Tiludronic Acid,318.61,-0.3,4,7,4,317.9283609,317.9283609,140,17,0,324,0,0,0,0,0,1,6.0
845,Timolol,316.42,1.8,2,8,7,316.15691182,316.15691182,108,21,0,310,0,0,1,0,0,1,60.5
846,Tinidazole,247.27,-0.4,0,5,4,247.06267709,247.06267709,106,16,0,345,0,0,0,0,0,1,98.0
847,Tiopronin,163.2,-0.1,3,4,3,163.03031433,163.03031433,67.4,10,0,148,0,0,1,0,0,1,63.0
848,Tiotropium,392.5,2.3,1,6,5,392.09902554,392.09902554,116,26,1,564,0,0,4,0,0,1,2.5
849,Tirofiban,440.6,1.4,3,7,14,440.23449344,440.23449344,113,30,0,579,0,0,1,0,0,1,0.0
850,Tizanidine,253.71,1.1,2,4,2,253.0188941,253.0188941,90.4,16,0,300,0,0,0,0,0,1,30.5
851,Tobramycin,467.5,-6.2,10,14,6,467.25912779,467.25912779,268,32,0,609,0,0,14,0,0,1,1.0
852,Tocainide,192.26,0.8,2,2,2,192.12626314,192.12626314,55.1,14,0,196,0,0,1,0,0,1,100.0
853,Tolbutamide,270.35,2.3,2,3,5,270.10381362,270.10381362,83.6,18,0,354,0,0,0,0,0,1,85.0
854,Tolcapone,273.24,3.3,2,5,2,273.06372246,273.06372246,103,20,0,372,0,0,0,0,0,1,63.5
855,Tolfenamic Acid,261.7,5.2,2,3,3,261.0556563,261.0556563,49.3,18,0,298,0,0,0,0,0,1,60.0
856,Toliprolol,223.31,1.9,2,3,6,223.15722892,223.15722892,41.5,16,0,185,0,0,1,0,0,1,90.0
857,Tolmesoxide,214.28,1.4,0,4,3,214.06636548,214.06636548,54.7,14,0,208,0,0,1,0,0,1,85.0
858,Tolmetin,257.28,2.8,1,3,4,257.10519335,257.10519335,59.3,19,0,347,0,0,0,0,0,1,95.0
859,Toloxatone,207.23,1.2,1,3,2,207.08954328,207.08954328,49.8,15,0,244,0,0,1,0,0,1,56.0
860,Topiramate,339.36,-0.8,1,9,3,339.09878781,339.09878781,124,22,0,556,0,0,4,0,0,1,75.0
861,Topotecan,421.4,0.5,2,7,3,421.16377085,421.16377085,103,31,0,867,0,0,1,0,0,1,31.7
862,Toremifene,406.0,7.2,0,2,9,405.1859422,405.1859422,12.5,29,0,483,0,0,0,0,1,1,89.5
863,Torsemide,348.4,2.7,3,5,5,348.1256117,348.1256117,109,24,0,518,0,0,0,0,0,1,88.0
864,Tramadol,263.37,2.6,1,3,4,263.18852905,263.18852905,32.7,19,0,282,0,0,2,0,0,1,72.5
865,Trandolapril,430.5,2.0,2,6,10,430.2467722,430.2467722,95.9,31,0,634,0,0,5,0,0,1,10.0
866,Tranexamic_acid,157.21,-2.0,2,3,2,157.11027873,157.11027873,63.3,11,0,139,0,0,0,0,0,1,34.0
867,Tranylcypromine,133.19,1.5,1,1,1,133.08914936,133.08914936,26,10,0,116,0,0,2,0,0,1,50.0
868,Trapidil,205.26,1.7,0,4,3,205.13274551,205.13274551,46.3,15,0,206,0,0,0,0,0,1,96.0
869,Trazodone,371.9,2.8,0,4,5,371.151288,371.151288,42.4,26,0,611,0,0,0,0,0,1,73.0
870,Treosulfan,278.3,-2.2,2,8,7,278.01300976,278.01300976,144,16,0,345,0,0,2,0,0,1,97.0
871,TRH,362.38,-2.5,4,5,6,362.17025321,362.17025321,150,26,0,597,0,0,3,0,0,1,2.0
872,Triamcinolone,394.4,1.2,4,7,2,394.17916675,394.17916675,115,28,0,807,0,0,8,0,0,1,23.0
873,Triamcinolone Acetonide,434.5,2.5,2,7,2,434.21046688,434.21046688,93.1,31,0,925,0,0,8,0,0,1,23.0
874,Triamterene,253.26,1.0,3,7,1,253.10759339,253.10759339,130,19,0,307,0,0,0,0,0,1,50.5
875,Trichlormethiazide,380.7,0.6,3,7,2,378.902181,378.902181,135,20,0,571,0,0,1,0,0,1,60.0
876,Trientine,146.23,-2.5,4,4,7,146.1531466,146.1531466,76.1,10,0,49.7,0,0,0,0,0,1,92.5
877,Trihexyphenidyl,301.5,4.5,1,2,5,301.24056462,301.24056462,23.5,22,0,314,0,0,1,0,0,1,99.0
878,Trimazosin,435.5,1.2,2,10,7,435.21178367,435.21178367,133,31,0,603,0,0,0,0,0,1,61.0
879,Trimethobenzamide,388.5,2.3,1,6,10,388.19982201,388.19982201,69.3,28,0,440,0,0,0,0,0,1,77.5
880,Trimethoprim,290.32,0.9,2,7,5,290.13789046,290.13789046,106,21,0,307,0,0,0,0,0,1,96.5
881,Trimetrexate,370.4,1.9,3,9,6,370.17533859,370.17533859,130,27,0,458,0,0,0,0,0,1,45.0
882,Trimipramine,294.4,5.8,0,2,4,294.20959885,294.20959885,6.5,22,0,317,0,0,1,0,0,1,40.5
883,Triprolidine,278.4,3.9,0,2,4,278.17829872,278.17829872,16.1,21,0,336,0,0,0,0,1,1,4.0
884,Trofosfamide,323.6,1.8,0,4,7,322.017148,322.017148,32.8,17,0,265,0,0,1,0,0,1,99.0
885,Troglitazone,441.5,5.1,2,6,5,441.16099415,441.16099415,110,31,0,681,0,0,2,0,0,1,45.0
886,Trospium Chloride,392.5,4.4,1,3,5,392.22256883,392.22256883,46.5,29,1,553,0,0,2,0,0,1,10.0
887,Trovafloxacin,416.4,0.3,2,10,3,416.10962485,416.10962485,99.8,30,0,770,0,0,2,0,0,1,91.0
888,Tulobuterol,227.73,2.3,2,2,4,227.1076919,227.1076919,32.3,15,0,191,0,0,1,0,0,1,48.0
889,Urapidil,387.5,1.5,1,6,7,387.22703982,387.22703982,68.4,28,0,588,0,0,0,0,0,1,78.0
890,Uridine,244.2,-2.0,4,6,2,244.06953611,244.06953611,119,17,0,371,0,0,4,0,0,1,8.0
891,Valdecoxib,314.4,2.6,1,5,3,314.07251349,314.07251349,94.6,22,0,462,0,0,0,0,0,1,83.0
892,Valganciclovir,354.36,-1.5,4,8,9,354.16516783,354.16516783,167,25,0,528,0,0,2,0,0,1,60.5
893,Valproic Acid,144.21,2.8,1,2,5,144.11502976,144.11502976,37.3,10,0,93.4,0,0,0,0,0,1,99.0
894,Valrubicin,723.6,4.0,5,16,11,723.21387471,723.21387471,215,51,0,1350,0,0,6,0,0,1,0.0
895,Valsartan,435.5,4.4,2,6,10,435.22703982,435.22703982,112,32,0,608,0,0,1,0,0,1,24.0
896,Vancomycin,1449.2,-2.6,19,26,13,1447.4301997,1447.4301997,531,101,0,2960,0,0,18,0,0,1,5.0
897,Vardenafil,488.6,2.5,1,8,8,488.22057471,488.22057471,118,34,0,854,0,0,0,0,0,1,15.0
898,Varenicline ,211.26,0.8,1,3,0,211.11094743,211.11094743,37.8,16,0,254,0,0,2,0,0,1,87.0
899,Vecuronium,557.8,6.5,0,5,6,557.43183332,557.43183332,55.8,40,1,958,0,0,10,0,0,1,0.0
900,Venlafaxine,277.4,2.9,1,3,5,277.20417911,277.20417911,32.7,20,0,279,0,0,1,0,0,1,43.5
901,Vidarabine,267.24,-1.1,4,8,2,267.09675392,267.09675392,140,19,0,335,0,0,4,0,0,1,0.0
902,Vigabatrin,129.16,-2.2,2,3,4,129.0789786,129.0789786,63.3,9,0,112,0,0,1,0,0,1,92.0
903,Viloxazine (R),237.29,1.5,1,4,5,237.13649348,237.13649348,39.7,17,0,213,0,0,1,0,0,1,85.0
904,Vinblastine,811.0,3.7,3,12,10,810.42037946,810.42037946,154,59,0,1700,0,0,9,0,0,1,0.0
905,Vincamine,354.4,2.9,1,4,3,354.19434271,354.19434271,54.7,26,0,598,0,0,3,0,0,1,20.0
906,Vinorelbine,778.9,3.6,2,11,10,778.39416472,778.39416472,134,57,0,1690,0,0,8,0,0,1,35.0
907,Vinpocetine,350.5,4.1,0,3,4,350.19942809,350.19942809,34.5,26,0,617,0,0,2,0,0,1,56.6
908,Vitamin C,176.12,-1.6,4,6,2,176.03208798,176.03208798,107,12,0,232,0,0,2,0,0,1,99.5
909,Voglibose,267.28,-4.1,8,8,5,267.13180202,267.13180202,154,18,0,263,0,0,5,0,0,1,6.0
910,Voriconazole,349.31,1.5,1,8,5,349.11504458,349.11504458,76.7,25,0,448,0,0,2,0,0,1,91.53333333333335
911,Vorinostat,264.32,1.9,3,3,8,264.14739251,264.14739251,78.4,19,0,276,0,0,0,0,0,1,43.0
912,Warfarin,308.3,2.7,1,4,4,308.10485899,308.10485899,63.6,23,0,502,0,0,1,0,0,1,91.5
913,Xamoterol,339.39,-0.6,4,6,8,339.17942092,339.17942092,103,24,0,358,0,0,1,0,0,1,7.0
914,Ximelagatran,473.6,2.2,4,7,11,473.26381925,473.26381925,146,34,0,731,0,0,2,0,1,1,20.5
915,Xipamide,354.8,2.9,3,5,3,354.0441058,354.0441058,118,23,0,526,0,0,0,0,0,1,82.5
916,Yohimbine,354.4,2.9,2,4,2,354.19434271,354.19434271,65.6,26,0,555,0,0,5,0,0,1,33.0
917,Zalcitabine,211.22,-1.3,2,3,2,211.09569129,211.09569129,88.2,15,0,327,0,0,2,0,0,1,84.0
918,Zanamivir,332.31,-3.2,7,8,6,332.133199,332.133199,201,23,0,518,0,0,5,0,0,1,2.0
919,Zimelidine,317.22,3.9,0,2,4,316.05751,316.05751,16.1,19,0,293,0,0,0,0,1,1,29.0
920,Ziprasidone,412.9,4.0,1,5,4,412.1124602,412.1124602,76.7,28,0,573,0,0,0,0,0,1,60.0
921,Zolmitriptan,287.36,2.2,2,3,5,287.16337693,287.16337693,57.4,21,0,375,0,0,1,0,0,1,41.666666666666664
922,Zolpidem,307.4,2.5,0,2,3,307.16846231,307.16846231,37.6,23,0,417,0,0,0,0,0,1,70.66666666666667
923,Zonisamide,212.23,0.2,1,5,2,212.0255633,212.0255633,94.6,14,0,298,0,0,0,0,0,1,99.5
924,Zotepine,331.9,4.8,0,3,4,331.0797631,331.0797631,37.8,22,0,401,0,0,0,0,0,1,10.0
925,Zuclopenthixol,401.0,4.3,1,4,5,400.1376123,400.1376123,52,27,0,509,0,0,0,0,1,1,49.0
